Player,TEAM,GP,W,L,MIN,Dist. Feet,Dist. Miles,Dist. Miles Off,Dist. Miles Def,Avg Speed (mph),Avg Speed Off,Avg Speed Def,Dist. KM,Dist. KM Off,Dist. KM Def,Avg Speed (km/h),Avg Speed (km/h) Off,Avg Speed (km/h) Def,AGE,DEF RTG,DREB,DREB%,%DREB,STL,STL%,BLK,%BLK,OPP PTS OFF TOV,OPP PTS 2ND CHANCE,OPP PTS FB,"OPP PTS, PAINT",DEF WS,WS,OWS,DWS,Distance KM PER36,Distance KM PER36 Off,Distance KM PER36 Def
Toumani Camara,POR,78,33,45,32.7,14039.4,2.66,1.34,1.32,4.57,4.66,4.49,4.28,2.16,2.12,7.35,7.5,7.23,25,113.3,3.6,11.0,16.9,1.5,26.5,0.6,18.7,13.6,10.0,12.2,32.4,0.088,5.2,2.5,2.6,4.71,2.38,2.33
Keegan Murray,SAC,76,36,40,34.3,14253.1,2.7,1.4,1.3,4.41,4.67,4.17,4.35,2.25,2.09,7.1,7.52,6.71,24,113.4,4.8,13.4,19.4,0.8,15.8,0.9,29.5,11.5,9.6,8.9,33.2,0.094,4.4,2.4,2.1,4.57,2.36,2.19
Dyson Daniels,ATL,76,37,39,33.8,14263.0,2.7,1.42,1.29,4.49,4.95,4.07,4.35,2.29,2.08,7.23,7.97,6.55,22,114.2,4.3,12.7,18.9,3.0,41.0,0.7,20.1,14.1,9.2,11.8,36.4,0.083,5.0,1.3,3.7,4.63,2.44,2.22
Mikal Bridges,NYK,82,51,31,37.0,14878.1,2.82,1.54,1.28,4.3,4.51,4.08,4.54,2.48,2.06,6.92,7.26,6.57,28,112.9,2.3,6.3,9.5,0.9,14.7,0.5,17.6,11.9,9.8,11.4,38.7,0.106,5.7,3.7,2.0,4.42,2.41,2.0
De'Aaron Fox,SAS,62,27,35,36.1,14513.2,2.75,1.48,1.27,4.25,4.75,3.78,4.43,2.38,2.04,6.84,7.64,6.08,27,114.9,3.9,10.6,16.1,1.5,25.1,0.4,12.4,11.7,11.0,9.3,35.9,0.083,4.3,2.6,1.7,4.42,2.37,2.03
Tyler Herro,MIA,77,37,40,35.4,14659.7,2.78,1.54,1.24,4.4,4.85,3.94,4.47,2.48,2.0,7.08,7.81,6.34,25,112.6,4.7,13.2,19.5,0.9,15.1,0.2,7.7,12.2,9.6,10.8,36.2,0.103,7.4,4.7,2.7,4.55,2.52,2.03
Kelly Oubre Jr.,PHI,60,21,39,34.6,13753.1,2.6,1.37,1.24,4.19,4.33,4.06,4.18,2.2,2.0,6.74,6.97,6.53,29,116.4,4.5,14.0,21.9,1.5,21.4,0.5,16.8,12.2,9.9,11.7,36.2,0.064,2.6,1.2,1.4,4.35,2.29,2.08
Domantas Sabonis,SAC,70,36,34,34.7,13694.0,2.59,1.36,1.23,4.2,4.51,3.92,4.17,2.19,1.98,6.76,7.26,6.31,29,113.9,10.1,28.6,41.5,0.7,12.5,0.4,12.9,11.8,9.2,9.3,33.8,0.089,10.1,7.4,2.7,4.33,2.27,2.05
Christian Braun,DEN,79,48,31,33.9,13713.5,2.6,1.37,1.23,4.35,4.72,3.99,4.18,2.2,1.98,7.0,7.6,6.42,24,114.5,3.9,10.9,16.4,1.1,19.0,0.5,14.9,11.6,10.5,10.9,36.5,0.081,8.0,6.2,1.9,4.44,2.34,2.1
Josh Hart,NYK,77,48,29,37.6,14470.8,2.74,1.51,1.23,4.11,4.37,3.84,4.41,2.43,1.98,6.61,7.03,6.18,30,114.3,7.5,20.3,30.3,1.5,24.8,0.4,12.3,11.7,9.9,11.5,38.8,0.091,9.2,5.4,3.8,4.22,2.33,1.9
Tyrese Maxey,PHI,52,20,32,37.7,15273.3,2.89,1.66,1.23,4.28,4.76,3.76,4.65,2.67,1.98,6.89,7.66,6.05,24,117.4,3.1,8.7,13.8,1.8,22.8,0.4,13.0,12.4,11.3,12.4,39.7,0.058,3.8,2.9,1.0,4.44,2.55,1.89
Bilal Coulibaly,WAS,59,13,46,33.0,13612.8,2.58,1.35,1.22,4.38,4.65,4.12,4.15,2.17,1.96,7.05,7.48,6.63,20,118.3,3.4,9.8,15.1,1.3,24.0,0.7,18.6,14.4,11.2,11.9,37.4,0.043,0.3,-0.6,0.9,4.53,2.37,2.14
Zach LaVine,SAC,74,32,42,35.2,14064.5,2.66,1.44,1.22,4.26,4.64,3.88,4.28,2.32,1.96,6.86,7.47,6.24,30,116.8,4.0,10.7,15.5,0.8,15.6,0.2,5.4,12.6,10.4,11.8,39.3,0.062,5.1,3.7,1.4,4.38,2.37,2.0
Trey Murphy III,NOP,53,14,39,35.0,13772.9,2.61,1.39,1.22,4.17,4.46,3.88,4.2,2.24,1.96,6.71,7.18,6.24,25,118.7,4.2,11.7,18.2,1.1,17.3,0.7,18.8,13.8,11.7,13.8,38.5,0.041,3.5,3.0,0.5,4.32,2.3,2.02
OG Anunoby,NYK,74,45,29,36.6,13340.0,2.53,1.31,1.21,3.92,3.93,3.91,4.07,2.11,1.95,6.31,6.32,6.29,27,112.3,3.5,9.8,14.7,1.5,24.3,0.9,28.1,11.1,9.6,11.3,36.6,0.109,6.5,3.7,2.8,4.0,2.08,1.92
Scottie Barnes,TOR,65,26,39,32.8,13391.1,2.54,1.33,1.21,4.32,4.72,3.94,4.09,2.14,1.95,6.95,7.6,6.34,23,110.1,6.0,17.6,26.6,1.4,26.2,1.0,32.0,11.6,9.3,10.2,32.4,0.121,3.5,0.6,2.9,4.49,2.35,2.14
Jamal Murray,DEN,67,41,26,36.1,13824.0,2.62,1.42,1.2,4.14,4.52,3.77,4.22,2.29,1.93,6.66,7.27,6.07,28,115.5,3.2,8.4,12.7,1.4,23.8,0.5,14.4,12.5,11.0,12.2,39.6,0.075,6.2,4.6,1.6,4.21,2.28,1.92
Jaden McDaniels,MIN,82,49,33,31.9,13061.5,2.47,1.28,1.2,4.36,4.47,4.25,3.98,2.06,1.93,7.02,7.19,6.84,24,109.9,4.2,12.6,18.6,1.3,25.5,0.9,27.2,11.3,8.7,9.9,31.2,0.118,6.3,2.3,3.9,4.49,2.32,2.18
RJ Barrett,TOR,58,23,35,32.2,13322.7,2.52,1.34,1.19,4.37,4.78,3.99,4.06,2.16,1.92,7.03,7.69,6.42,25,113.4,5.3,15.9,23.9,0.8,15.6,0.3,11.5,12.4,9.6,10.5,33.0,0.088,2.4,0.6,1.7,4.54,2.41,2.15
Tyrese Haliburton,IND,73,46,27,33.6,13763.3,2.61,1.42,1.19,4.36,4.88,3.86,4.2,2.29,1.92,7.02,7.85,6.21,25,114.2,3.0,8.7,13.2,1.4,26.4,0.7,16.8,10.4,9.9,8.7,37.1,0.082,10.4,8.1,2.3,4.5,2.45,2.06
Trae Young,ATL,76,36,40,36.0,13808.4,2.62,1.43,1.18,4.05,4.64,3.51,4.22,2.3,1.9,6.52,7.47,5.65,26,114.6,2.6,7.2,11.0,1.2,16.3,0.2,4.1,14.1,10.7,12.7,39.1,0.086,5.7,4.4,1.3,4.22,2.3,1.9
Franz Wagner,ORL,60,33,27,33.7,14117.8,2.67,1.5,1.18,4.43,4.84,4.01,4.3,2.41,1.9,7.13,7.79,6.45,23,105.8,4.8,14.6,21.4,1.3,19.4,0.4,8.5,10.6,8.3,9.5,30.8,0.166,5.6,2.6,3.1,4.59,2.57,2.03
Amen Thompson,HOU,69,43,26,32.3,13219.9,2.5,1.32,1.18,4.33,4.55,4.11,4.02,2.12,1.9,6.97,7.32,6.61,22,107.9,5.4,15.9,24.4,1.4,24.1,1.3,34.6,10.2,9.4,8.7,32.9,0.139,8.0,4.1,3.9,4.48,2.36,2.12
Gradey Dick,TOR,54,15,39,29.4,12735.6,2.41,1.25,1.17,4.59,4.89,4.3,3.88,2.01,1.88,7.39,7.87,6.92,21,116.1,2.8,9.2,14.2,0.9,19.8,0.2,6.8,11.4,9.1,10.3,31.6,0.057,1.4,0.2,1.2,4.75,2.46,2.3
Cade Cunningham,DET,70,38,32,35.0,14101.9,2.67,1.5,1.17,4.29,4.87,3.73,4.3,2.41,1.88,6.9,7.84,6.0,23,112.2,5.3,14.7,21.3,1.0,17.2,0.8,19.9,12.8,10.0,10.6,33.3,0.107,5.9,3.0,2.9,4.42,2.48,1.93
Kyrie Irving,DAL,50,28,22,36.1,13231.0,2.51,1.34,1.17,3.9,4.18,3.63,4.04,2.16,1.88,6.28,6.73,5.84,33,113.9,3.6,9.3,14.8,1.3,21.8,0.5,9.9,13.0,12.1,10.2,38.5,0.091,4.6,3.4,1.3,4.03,2.15,1.87
Rudy Gobert,MIN,72,43,29,33.2,13043.7,2.47,1.3,1.17,4.19,4.34,4.03,3.98,2.09,1.88,6.74,6.98,6.49,33,107.6,7.2,21.0,31.0,0.8,14.1,1.4,40.6,12.4,9.4,10.0,30.6,0.144,10.1,6.1,4.0,4.32,2.27,2.04
Pascal Siakam,IND,78,47,31,32.7,12944.9,2.45,1.28,1.17,4.2,4.52,3.9,3.94,2.06,1.88,6.76,7.27,6.28,31,108.9,5.2,15.4,23.3,0.9,15.3,0.5,15.5,9.6,9.4,7.6,33.1,0.13,7.5,5.0,2.5,4.34,2.27,2.07
DeMar DeRozan,SAC,77,38,39,35.9,13430.1,2.54,1.39,1.16,3.97,4.33,3.62,4.09,2.24,1.87,6.39,6.97,5.83,35,115.3,3.2,9.0,13.1,0.8,14.6,0.4,13.4,11.8,9.9,10.2,35.1,0.077,7.1,5.7,1.4,4.1,2.25,1.88
Damian Lillard,MIL,58,32,26,36.1,13873.2,2.63,1.46,1.16,4.1,4.56,3.63,4.23,2.35,1.87,6.6,7.34,5.84,34,114.6,4.2,10.8,15.6,1.2,24.9,0.2,4.8,12.3,9.8,12.2,36.2,0.085,7.6,5.6,2.0,4.22,2.34,1.86
Devin Booker,PHX,75,35,40,37.3,14000.7,2.65,1.49,1.16,4.0,4.33,3.65,4.26,2.4,1.87,6.44,6.97,5.87,28,118.5,3.1,8.0,12.2,0.9,16.8,0.2,6.1,13.2,10.9,13.2,38.1,0.046,6.4,6.1,0.3,4.11,2.32,1.8
Desmond Bane,ORL,69,38,31,32.0,13243.2,2.51,1.35,1.16,4.46,4.97,3.97,4.04,2.17,1.87,7.18,8.0,6.39,27,113.3,5.2,15.0,22.8,1.2,20.5,0.4,11.4,13.3,10.0,10.8,31.5,0.094,6.5,4.0,2.6,4.54,2.44,2.1
CJ McCollum,NOP,56,17,39,32.7,13678.0,2.59,1.43,1.16,4.44,4.92,3.95,4.17,2.3,1.87,7.15,7.92,6.36,33,119.4,3.0,9.1,14.1,0.8,14.3,0.4,10.8,12.4,11.2,11.8,36.2,0.032,1.5,1.3,0.2,4.59,2.53,2.06
Michael Porter Jr.,DEN,77,47,30,33.7,12520.3,2.37,1.21,1.16,4.01,4.17,3.85,3.81,1.95,1.87,6.45,6.71,6.2,27,115.4,5.2,14.6,22.0,0.6,11.9,0.5,14.3,12.5,10.2,12.3,37.4,0.071,6.4,4.6,1.8,4.07,2.08,2.0
Nikola Jokić,DEN,70,46,24,36.7,13128.7,2.49,1.34,1.15,3.79,4.23,3.38,4.01,2.16,1.85,6.1,6.81,5.44,30,115.1,9.9,25.2,37.7,1.8,29.5,0.6,19.4,12.6,10.7,11.8,39.1,0.082,16.4,12.7,3.8,3.93,2.12,1.81
Andrew Nembhard,IND,65,44,21,28.9,12245.3,2.32,1.17,1.15,4.49,4.7,4.29,3.73,1.88,1.85,7.23,7.56,6.9,25,110.2,2.8,9.3,14.1,1.2,23.1,0.2,5.2,8.9,8.2,7.4,30.8,0.105,2.8,1.1,1.7,4.65,2.34,2.3
Jerami Grant,POR,47,22,25,32.4,12511.2,2.37,1.22,1.15,4.1,4.25,3.96,3.81,1.96,1.85,6.6,6.84,6.37,31,113.4,2.9,8.8,13.6,0.9,16.1,1.0,23.1,13.0,10.1,11.6,31.1,0.087,1.8,0.6,1.2,4.23,2.18,2.06
Jalen Williams,OKC,69,55,14,32.4,13391.3,2.54,1.39,1.15,4.4,4.97,3.86,4.09,2.24,1.85,7.08,8.0,6.21,24,106.5,4.5,13.1,20.1,1.6,21.0,0.7,16.8,8.8,10.2,8.6,29.5,0.154,7.8,3.7,4.1,4.54,2.49,2.06
Victor Wembanyama,SAS,46,21,25,33.2,12792.5,2.42,1.27,1.15,4.09,4.33,3.86,3.89,2.04,1.85,6.58,6.97,6.21,21,110.0,9.2,25.5,38.9,1.1,21.4,3.8,74.9,11.5,10.3,10.7,31.4,0.122,3.8,1.0,2.8,4.22,2.21,2.01
Karl-Anthony Towns,NYK,72,46,26,35.0,12602.3,2.39,1.24,1.14,3.87,3.89,3.85,3.85,2.0,1.83,6.23,6.26,6.2,29,112.7,9.8,28.4,42.3,1.0,17.4,0.7,28.1,10.3,9.0,10.1,36.3,0.103,10.1,6.3,3.8,3.96,2.06,1.88
Anthony Edwards,MIN,79,48,31,36.3,13441.4,2.55,1.41,1.14,3.92,4.3,3.54,4.1,2.27,1.83,6.31,6.92,5.7,23,111.4,4.9,13.1,19.7,1.2,19.9,0.6,16.7,13.2,9.8,11.0,36.0,0.118,8.4,4.6,3.8,4.07,2.25,1.81
Coby White,CHI,74,35,39,33.1,13081.5,2.48,1.33,1.14,4.19,4.69,3.73,3.99,2.14,1.83,6.74,7.55,6.0,25,113.9,3.4,9.5,13.8,0.9,17.9,0.2,7.0,12.6,9.5,10.0,37.4,0.085,4.5,3.0,1.5,4.34,2.33,1.99
Austin Reaves,LAL,73,46,27,34.9,13575.4,2.57,1.43,1.14,4.13,4.51,3.74,4.14,2.3,1.83,6.65,7.26,6.02,27,113.3,3.7,10.1,15.2,1.1,20.1,0.3,9.7,12.2,10.3,12.7,36.6,0.096,7.6,5.6,2.1,4.27,2.37,1.89
Fred VanVleet,HOU,60,41,19,35.2,13525.1,2.56,1.42,1.14,4.08,4.44,3.71,4.12,2.29,1.83,6.57,7.15,5.97,31,108.8,3.2,8.9,13.3,1.6,25.1,0.4,12.1,10.0,9.7,8.6,35.2,0.14,5.2,2.4,2.8,4.21,2.34,1.87
Anfernee Simons,POR,70,28,42,32.7,13169.9,2.49,1.35,1.14,4.27,4.68,3.87,4.01,2.17,1.83,6.87,7.53,6.23,26,113.4,2.3,6.9,10.8,0.9,16.1,0.1,2.0,12.0,10.2,11.6,32.1,0.088,4.2,2.9,1.2,4.41,2.39,2.01
Jaylen Brown,BOS,63,46,17,34.3,12618.9,2.39,1.26,1.13,3.99,4.11,3.86,3.85,2.03,1.82,6.42,6.61,6.21,28,111.7,4.5,12.6,18.5,1.2,24.0,0.3,7.4,9.7,9.1,10.5,33.7,0.111,5.2,2.3,2.9,4.04,2.13,1.91
Bam Adebayo,MIA,78,36,42,34.3,12712.9,2.41,1.27,1.13,3.94,4.12,3.75,3.88,2.04,1.82,6.34,6.63,6.04,27,110.8,7.2,21.4,30.7,1.3,22.0,0.7,28.0,11.0,8.5,9.9,33.3,0.117,7.5,3.5,4.0,4.07,2.14,1.91
Josh Green,CHA,68,17,51,27.8,11982.4,2.27,1.14,1.13,4.6,4.57,4.62,3.65,1.83,1.82,7.4,7.35,7.44,24,114.2,1.7,6.0,9.0,1.1,24.3,0.2,8.4,11.0,7.6,9.0,27.9,0.069,1.5,0.4,1.0,4.73,2.37,2.36
Rui Hachimura,LAL,59,37,22,31.7,12614.3,2.39,1.26,1.13,4.24,4.39,4.09,3.85,2.03,1.82,6.82,7.07,6.58,27,110.9,3.7,11.1,16.4,0.8,15.8,0.4,14.9,10.4,9.0,10.3,32.0,0.109,4.3,2.8,1.5,4.37,2.31,2.07
P.J. Washington,DAL,57,31,26,32.2,12664.3,2.4,1.27,1.13,4.19,4.46,3.91,3.86,2.04,1.82,6.74,7.18,6.29,26,113.2,6.3,18.3,27.6,1.1,21.2,1.1,24.7,11.5,9.8,10.7,34.7,0.09,2.4,0.3,2.1,4.32,2.28,2.03
Shaedon Sharpe,POR,72,32,40,31.3,12591.1,2.38,1.27,1.12,4.28,4.56,4.0,3.83,2.04,1.8,6.89,7.34,6.44,22,114.4,3.6,11.4,17.6,0.9,16.4,0.2,6.6,12.1,9.3,11.3,32.9,0.075,3.0,1.3,1.7,4.41,2.35,2.07
Jalen Brunson,NYK,65,40,25,35.4,13937.1,2.64,1.52,1.12,4.23,4.65,3.76,4.25,2.45,1.8,6.81,7.48,6.05,28,115.7,2.5,7.2,10.9,0.9,16.3,0.1,4.7,11.4,9.4,11.4,37.0,0.071,8.3,6.8,1.4,4.32,2.49,1.83
Jalen Green,HOU,82,52,30,32.9,13259.0,2.51,1.39,1.12,4.27,4.65,3.88,4.04,2.24,1.8,6.87,7.48,6.24,23,111.1,4.0,12.0,18.0,0.9,15.3,0.3,10.3,11.4,9.4,9.9,34.9,0.111,5.1,1.9,3.2,4.42,2.45,1.97
Jakob Poeltl,TOR,57,21,36,29.6,12184.8,2.31,1.19,1.12,4.37,4.66,4.1,3.72,1.92,1.8,7.03,7.5,6.6,29,111.9,6.3,20.6,30.4,1.2,22.8,1.2,42.8,11.6,8.2,9.1,29.8,0.093,5.5,3.0,2.5,4.52,2.34,2.19
Shai Gilgeous-Alexander,OKC,76,63,13,34.2,12923.5,2.45,1.33,1.12,4.0,4.43,3.59,3.94,2.14,1.8,6.44,7.13,5.78,26,105.7,4.1,11.2,16.9,1.7,23.0,1.0,23.1,8.6,10.9,8.6,30.2,0.168,16.7,11.9,4.8,4.15,2.25,1.89
Dillon Brooks,HOU,75,49,26,31.8,12064.1,2.28,1.17,1.12,4.02,4.06,3.98,3.67,1.88,1.8,6.47,6.53,6.41,29,108.8,2.7,8.1,12.1,0.8,14.7,0.2,7.0,9.7,9.2,8.8,32.7,0.127,5.1,2.7,2.5,4.15,2.13,2.04
Jimmy Butler III,GSW,55,36,19,31.8,12635.5,2.39,1.28,1.11,4.22,4.4,4.03,3.85,2.06,1.79,6.79,7.08,6.49,35,109.6,3.1,10.1,14.7,1.4,22.8,0.3,12.1,10.1,8.2,10.1,31.2,0.119,,,,4.36,2.33,2.03
Derrick White,BOS,76,58,18,33.9,12761.4,2.42,1.31,1.11,4.01,4.22,3.79,3.89,2.11,1.79,6.45,6.79,6.1,30,109.5,3.6,10.1,14.9,0.9,20.3,1.1,26.1,9.3,9.3,10.2,33.1,0.13,8.5,5.1,3.4,4.13,2.24,1.9
Kevin Durant,PHX,62,33,29,36.5,12839.9,2.43,1.32,1.11,3.74,3.9,3.56,3.91,2.12,1.79,6.02,6.28,5.73,36,117.4,5.7,14.7,22.0,0.8,15.8,1.2,33.9,14.3,10.6,13.0,36.8,0.057,5.2,4.0,1.2,3.86,2.09,1.77
Ochai Agbaji,TOR,64,19,45,27.2,11776.6,2.23,1.12,1.11,4.58,4.82,4.37,3.59,1.8,1.79,7.37,7.76,7.03,25,112.2,2.8,9.8,14.9,0.9,20.9,0.5,19.6,11.0,8.3,9.1,27.7,0.083,3.1,1.6,1.5,4.75,2.38,2.37
Josh Giddey,CHI,70,33,37,30.2,12582.6,2.38,1.27,1.11,4.47,5.0,4.0,3.83,2.04,1.79,7.19,8.05,6.44,22,114.4,6.3,19.2,28.1,1.2,25.3,0.6,22.2,11.4,9.0,9.7,35.3,0.073,5.3,2.8,2.5,4.57,2.43,2.13
Paolo Banchero,ORL,46,21,25,34.4,13142.3,2.49,1.38,1.11,4.05,4.31,3.77,4.01,2.22,1.79,6.52,6.94,6.07,22,109.6,6.4,19.2,28.4,0.8,13.3,0.6,16.7,12.2,8.9,10.5,33.1,0.13,3.5,1.1,2.4,4.2,2.32,1.87
Bennedict Mathurin,IND,72,43,29,29.9,12104.0,2.29,1.18,1.11,4.3,4.57,4.04,3.69,1.9,1.79,6.92,7.35,6.5,23,112.2,4.1,13.3,19.9,0.7,13.1,0.3,9.7,10.3,8.6,7.5,31.7,0.091,3.0,1.3,1.8,4.44,2.29,2.16
Ayo Dosunmu,CHI,46,17,29,30.3,12460.6,2.36,1.25,1.11,4.37,4.79,3.97,3.8,2.01,1.79,7.03,7.71,6.39,25,117.8,2.9,9.0,13.4,0.9,21.8,0.4,14.2,11.6,10.2,9.8,36.0,0.043,2.5,1.6,1.0,4.51,2.39,2.13
Malik Monk,SAC,65,36,29,31.6,12899.8,2.44,1.35,1.1,4.33,4.85,3.82,3.93,2.17,1.77,6.97,7.81,6.15,27,114.5,3.3,10.4,15.4,0.9,18.6,0.6,20.4,10.8,9.1,8.6,31.9,0.077,2.8,1.3,1.4,4.48,2.47,2.02
Tobias Harris,DET,73,40,33,31.6,12318.9,2.33,1.23,1.1,4.14,4.38,3.89,3.75,1.98,1.77,6.66,7.05,6.26,32,110.8,5.0,15.5,22.4,1.0,20.3,0.8,21.7,11.6,8.5,9.9,29.6,0.109,5.2,2.3,2.9,4.27,2.26,2.02
Ja Morant,MEM,50,30,20,30.4,12306.4,2.33,1.23,1.1,4.36,4.81,3.95,3.75,1.98,1.77,7.02,7.74,6.36,25,109.6,3.4,10.1,15.4,1.2,21.0,0.2,7.5,12.4,8.7,10.1,30.3,0.117,3.5,2.0,1.5,4.44,2.34,2.1
Giannis Antetokounmpo,MIL,67,40,27,34.2,12812.4,2.43,1.33,1.1,4.0,4.43,3.58,3.91,2.14,1.77,6.44,7.13,5.76,30,111.7,9.7,26.6,38.7,0.9,16.9,1.2,33.3,11.0,9.1,10.8,32.5,0.109,11.5,7.8,3.7,4.12,2.25,1.86
Bub Carrington,WAS,82,18,64,30.0,12495.9,2.37,1.27,1.1,4.43,4.77,4.1,3.81,2.04,1.77,7.13,7.68,6.6,19,118.0,3.8,11.7,18.1,0.7,14.6,0.3,7.9,12.3,9.9,11.2,33.2,0.041,0.2,-0.4,0.6,4.57,2.45,2.12
Bradley Beal,PHX,53,22,31,32.1,12588.5,2.38,1.29,1.1,4.16,4.32,3.98,3.83,2.08,1.77,6.69,6.95,6.41,32,118.6,2.7,8.3,12.4,1.1,21.6,0.5,15.8,12.3,8.5,12.5,31.6,0.039,2.4,1.9,0.6,4.3,2.33,1.99
Evan Mobley,CLE,71,58,13,30.5,12177.9,2.31,1.21,1.09,4.22,4.7,3.8,3.72,1.95,1.75,6.79,7.56,6.12,24,108.6,7.0,21.3,32.2,0.9,16.4,1.6,52.3,10.1,8.6,8.9,28.5,0.126,9.0,5.3,3.8,4.39,2.3,2.07
Myles Turner,IND,72,44,28,30.2,11887.9,2.25,1.16,1.09,4.19,4.47,3.93,3.62,1.87,1.75,6.74,7.19,6.32,29,111.5,5.3,16.9,25.2,0.8,15.9,2.0,54.8,9.7,8.7,7.1,31.6,0.097,4.7,1.8,2.9,4.32,2.23,2.09
Devin Vassell,SAS,64,24,40,31.0,12509.4,2.37,1.28,1.09,4.29,4.68,3.91,3.81,2.06,1.75,6.9,7.53,6.29,24,118.1,3.5,10.7,16.9,1.3,24.3,0.5,14.7,11.6,10.1,9.7,33.7,0.042,2.2,0.9,1.3,4.42,2.39,2.03
LaMelo Ball,CHA,47,16,31,32.0,13242.4,2.51,1.42,1.09,4.39,4.91,3.85,4.04,2.29,1.75,7.07,7.9,6.2,23,116.5,3.9,12.1,18.1,1.1,21.3,0.3,9.0,11.8,8.7,10.9,31.9,0.059,2.0,0.9,1.1,4.54,2.58,1.97
Lauri Markkanen,UTA,47,9,38,31.4,12669.8,2.4,1.31,1.09,4.27,4.5,4.02,3.86,2.11,1.75,6.87,7.24,6.47,28,117.5,4.4,13.4,19.6,0.7,17.3,0.4,12.0,13.8,8.9,12.1,32.1,0.047,2.2,1.8,0.3,4.43,2.42,2.01
Norman Powell,LAC,60,39,21,32.6,12549.3,2.38,1.3,1.08,4.08,4.42,3.74,3.83,2.09,1.74,6.57,7.11,6.02,32,107.4,2.8,8.5,12.2,1.2,18.8,0.2,5.1,11.7,7.9,10.1,31.0,0.146,5.3,2.9,2.3,4.23,2.31,1.92
Ivica Zubac,LAC,80,50,30,32.8,12092.5,2.29,1.21,1.08,3.93,4.1,3.77,3.69,1.95,1.74,6.32,6.6,6.07,28,107.1,8.9,27.1,38.3,0.7,10.4,1.1,40.4,12.1,8.0,10.2,30.9,0.147,11.7,7.0,4.7,4.05,2.14,1.91
Miles Bridges,CHA,64,16,48,31.7,12484.3,2.36,1.29,1.08,4.19,4.55,3.82,3.8,2.08,1.74,6.74,7.32,6.15,27,113.6,6.4,18.9,28.2,0.7,14.9,0.7,23.2,12.0,8.9,11.1,32.3,0.085,3.2,1.3,1.8,4.32,2.36,1.98
Julius Randle,MIN,69,44,25,32.3,12202.9,2.31,1.23,1.08,4.01,4.23,3.79,3.72,1.98,1.74,6.45,6.81,6.1,30,111.6,5.0,14.9,22.4,0.7,13.4,0.2,7.2,12.2,9.0,10.3,34.0,0.103,6.2,3.6,2.6,4.15,2.21,1.94
Nikola Vučević,CHI,73,34,39,31.2,11573.0,2.19,1.13,1.07,3.95,4.21,3.72,3.52,1.82,1.72,6.36,6.78,5.99,34,116.0,7.6,22.8,32.7,0.8,17.5,0.7,26.1,12.0,9.4,10.3,37.2,0.061,7.3,4.7,2.6,4.06,2.1,1.98
Jaylen Wells,MEM,79,47,32,25.9,10959.2,2.08,1.01,1.07,4.55,4.54,4.55,3.35,1.63,1.72,7.32,7.31,7.32,21,111.9,2.3,8.3,12.2,0.6,12.5,0.1,3.5,10.4,7.5,9.0,25.6,0.081,3.5,2.1,1.4,4.66,2.27,2.39
Luka Dončić,LAL,50,31,19,35.4,12398.2,2.35,1.28,1.07,3.73,4.05,3.41,3.78,2.06,1.72,6.0,6.52,5.49,26,110.5,7.4,19.8,29.9,1.8,28.5,0.4,12.1,12.1,9.6,12.1,34.0,0.126,5.9,3.5,2.4,3.84,2.09,1.75
Jayson Tatum,BOS,72,53,19,36.4,12357.6,2.34,1.27,1.07,3.65,3.85,3.43,3.77,2.04,1.72,5.87,6.2,5.52,27,109.8,8.0,20.6,31.3,1.1,19.7,0.5,12.7,10.1,9.7,10.8,36.0,0.137,9.5,5.3,4.2,3.73,2.02,1.7
Darius Garland,CLE,75,60,15,30.7,12249.0,2.32,1.25,1.07,4.25,4.72,3.8,3.73,2.01,1.72,6.84,7.6,6.12,25,113.4,2.2,6.8,10.4,1.2,22.4,0.1,6.0,10.6,9.0,10.8,31.3,0.083,8.1,5.8,2.3,4.37,2.36,2.02
Walker Kessler,UTA,58,14,44,30.0,12112.2,2.29,1.23,1.07,4.28,4.41,4.14,3.69,1.98,1.72,6.89,7.1,6.66,23,118.3,7.6,23.5,34.6,0.6,17.6,2.4,68.7,14.2,9.7,13.2,30.9,0.038,5.4,3.6,1.8,4.43,2.38,2.06
Cameron Johnson,BKN,57,21,36,31.6,12753.5,2.42,1.35,1.07,4.27,4.6,3.92,3.89,2.17,1.72,6.87,7.4,6.31,29,116.7,3.4,11.3,17.3,0.9,19.2,0.4,16.0,12.3,8.5,11.4,32.9,0.055,5.1,3.8,1.3,4.43,2.47,1.96
Paul George,PHI,41,15,26,32.5,12500.8,2.37,1.3,1.06,4.06,4.43,3.68,3.81,2.09,1.71,6.53,7.13,5.92,35,112.2,4.8,15.3,23.2,1.8,25.6,0.5,18.9,11.3,8.7,10.1,31.5,0.099,1.0,-0.2,1.2,4.22,2.32,1.89
Andrew Wiggins,MIA,60,27,33,30.7,12021.0,2.28,1.22,1.06,4.17,4.51,3.84,3.67,1.96,1.71,6.71,7.26,6.18,30,111.7,3.0,9.5,14.0,1.0,18.9,0.8,28.1,11.0,7.9,9.6,29.6,0.1,4.0,1.9,2.1,4.3,2.3,2.01
Jabari Smith Jr.,HOU,57,40,17,30.1,11866.8,2.25,1.19,1.06,4.18,4.35,4.0,3.62,1.92,1.71,6.73,7.0,6.44,22,106.1,5.2,16.2,23.0,0.4,9.6,0.7,23.2,10.2,7.4,8.8,29.6,0.145,4.2,1.9,2.2,4.33,2.3,2.05
Jrue Holiday,BOS,62,47,15,30.6,11701.6,2.22,1.15,1.06,4.14,4.24,4.03,3.57,1.85,1.71,6.66,6.82,6.49,35,107.7,3.0,9.1,13.6,1.1,23.2,0.4,12.0,8.6,8.3,9.2,29.7,0.136,5.1,2.8,2.4,4.2,2.18,2.01
Cason Wallace,OKC,68,55,13,27.6,11291.4,2.14,1.07,1.06,4.34,4.52,4.18,3.44,1.72,1.71,6.98,7.27,6.73,21,107.1,2.3,7.9,12.1,1.8,28.4,0.5,14.8,7.1,8.7,7.6,24.9,0.126,5.2,1.8,3.4,4.49,2.24,2.23
Stephen Curry,GSW,70,41,29,32.2,12863.2,2.44,1.37,1.06,4.26,4.83,3.7,3.93,2.2,1.71,6.86,7.77,5.95,37,112.7,3.9,11.8,17.5,1.1,17.6,0.4,14.0,11.2,8.4,10.9,31.6,0.095,7.9,5.2,2.7,4.39,2.46,1.91
Alperen Sengun,HOU,76,52,24,31.5,11788.5,2.23,1.17,1.06,3.97,4.07,3.87,3.59,1.88,1.71,6.39,6.55,6.23,22,107.4,6.9,21.0,30.7,1.1,20.6,0.8,25.7,9.9,8.8,9.3,31.7,0.139,,,,4.1,2.15,1.95
Kyle Kuzma,MIL,65,25,40,29.8,12047.1,2.28,1.23,1.05,4.31,4.65,3.97,3.67,1.98,1.69,6.94,7.48,6.39,29,116.1,4.9,15.5,22.9,0.6,12.4,0.3,11.8,11.6,8.7,11.2,31.2,0.059,-0.9,-2.3,1.3,4.43,2.39,2.04
Anthony Davis,DAL,51,30,21,33.4,11785.7,2.23,1.18,1.05,3.75,3.91,3.59,3.59,1.9,1.69,6.04,6.29,5.78,32,112.9,8.9,25.4,38.1,1.2,22.4,2.2,52.6,11.3,10.1,11.2,35.1,0.094,6.7,3.7,3.0,3.87,2.05,1.82
Luguentz Dort,OKC,71,57,14,29.2,11297.3,2.14,1.09,1.05,4.12,4.3,3.94,3.44,1.75,1.69,6.63,6.92,6.34,26,107.3,2.9,9.3,14.0,1.1,17.4,0.5,15.0,7.8,9.0,8.0,26.9,0.13,5.6,2.4,3.2,4.24,2.16,2.08
Keyonte George,UTA,67,13,54,31.5,12247.9,2.32,1.27,1.05,4.1,4.35,3.84,3.73,2.04,1.69,6.6,7.0,6.18,21,122.0,3.4,10.4,16.2,0.7,16.1,0.1,4.6,14.5,10.8,13.5,35.7,0.007,1.1,0.9,0.1,4.26,2.33,1.93
Brook Lopez,MIL,80,47,33,31.8,11535.6,2.18,1.13,1.05,3.88,3.99,3.78,3.51,1.82,1.69,6.24,6.42,6.08,37,112.7,3.6,10.7,15.3,0.6,13.3,1.9,56.5,10.5,8.7,10.8,31.3,0.092,6.6,3.6,2.9,3.97,2.06,1.91
Deni Avdija,POR,72,33,39,30.0,11868.2,2.25,1.2,1.05,4.2,4.5,3.9,3.62,1.93,1.69,6.76,7.24,6.28,24,114.5,5.7,19.0,29.0,1.0,20.4,0.5,15.0,11.1,9.1,11.0,29.6,0.072,5.6,3.1,2.5,4.34,2.32,2.03
Isaiah Hartenstein,OKC,57,49,8,27.9,11631.3,2.2,1.16,1.04,4.44,4.76,4.12,3.54,1.87,1.67,7.15,7.66,6.63,27,105.3,7.9,26.2,38.3,0.8,14.7,1.1,34.3,7.2,8.1,7.5,24.7,0.14,6.8,3.2,3.6,4.57,2.41,2.15
Jaren Jackson Jr.,MEM,74,42,32,29.8,11564.0,2.19,1.15,1.04,4.16,4.52,3.81,3.52,1.85,1.67,6.69,7.27,6.13,25,108.8,4.4,13.4,19.9,1.2,22.9,1.5,40.9,11.1,8.6,10.1,27.8,0.121,6.4,3.2,3.2,4.25,2.23,2.02
LeBron James,LAL,70,44,26,34.9,12004.7,2.27,1.23,1.04,3.64,3.89,3.39,3.65,1.98,1.67,5.86,6.26,5.46,40,114.0,6.8,18.7,28.5,1.0,18.6,0.6,17.1,12.5,10.5,12.1,36.0,0.09,7.7,4.9,2.8,3.77,2.04,1.72
Donovan Mitchell,CLE,71,55,16,31.4,11939.7,2.26,1.22,1.04,4.02,4.58,3.51,3.64,1.96,1.67,6.47,7.37,5.65,28,109.1,3.7,11.2,16.9,1.3,23.5,0.2,7.9,9.6,8.8,9.0,29.6,0.125,7.6,4.8,2.8,4.17,2.25,1.91
Scoot Henderson,POR,66,30,36,26.6,11120.8,2.11,1.08,1.03,4.41,4.62,4.21,3.4,1.74,1.66,7.1,7.44,6.78,21,113.7,2.2,8.3,13.1,1.0,21.7,0.2,7.2,11.4,8.6,9.1,26.8,0.07,1.8,0.4,1.4,4.6,2.35,2.25
Davion Mitchell,MIA,74,25,49,27.4,11083.6,2.1,1.08,1.02,4.29,4.46,4.13,3.38,1.74,1.64,6.9,7.18,6.65,26,110.7,1.8,6.3,9.6,1.0,20.4,0.2,8.4,9.4,7.6,8.0,27.4,0.096,3.0,1.3,1.6,4.44,2.29,2.15
Jarrett Allen,CLE,82,64,18,28.0,10953.0,2.07,1.07,1.01,4.17,4.45,3.92,3.33,1.72,1.63,6.71,7.16,6.31,27,111.3,7.1,23.8,35.4,0.9,18.2,0.9,38.6,9.6,7.9,10.1,28.6,0.093,11.6,7.6,4.0,4.28,2.21,2.1
Onyeka Okongwu,ATL,74,35,39,27.9,10958.3,2.08,1.07,1.01,4.17,4.52,3.85,3.35,1.72,1.63,6.71,7.27,6.2,24,113.7,5.9,21.3,31.9,0.9,15.8,0.9,30.8,11.4,7.5,9.6,29.0,0.073,7.2,4.9,2.3,4.32,2.22,2.1
James Harden,LAC,79,50,29,35.3,11714.5,2.22,1.21,1.01,3.52,3.75,3.27,3.57,1.95,1.63,5.66,6.04,5.26,35,109.2,5.1,14.3,20.7,1.5,22.0,0.7,21.4,12.9,8.9,11.0,34.1,0.138,8.3,4.0,4.3,3.64,1.99,1.66
Dennis Schröder,DET,75,37,38,28.1,11609.9,2.2,1.19,1.01,4.36,4.64,4.07,3.54,1.92,1.63,7.02,7.47,6.55,31,112.8,2.3,8.0,12.5,0.9,21.0,0.2,5.6,10.0,8.2,8.5,28.8,0.081,3.2,1.5,1.7,4.54,2.46,2.09
Dorian Finney-Smith,LAL,63,36,27,28.9,11371.8,2.15,1.14,1.01,4.17,4.32,4.02,3.46,1.83,1.63,6.71,6.95,6.47,32,110.3,2.7,8.9,13.6,0.9,19.2,0.4,15.1,9.6,8.7,8.3,28.8,0.103,2.9,1.5,1.4,4.31,2.28,2.03
Zaccharie Risacher,ATL,75,38,37,24.6,10940.2,2.07,1.07,1.0,4.79,5.19,4.43,3.33,1.72,1.61,7.71,8.35,7.13,20,115.0,2.4,9.9,14.7,0.7,13.1,0.5,18.9,10.2,6.8,9.3,26.9,0.055,1.8,0.6,1.1,4.87,2.52,2.36
Alex Sarr,WAS,67,13,54,27.1,11173.5,2.12,1.12,1.0,4.41,4.76,4.07,3.41,1.8,1.61,7.1,7.66,6.55,20,116.4,4.6,15.8,24.6,0.7,14.0,1.5,47.4,10.6,9.7,10.1,30.4,0.05,-0.3,-1.6,1.3,4.53,2.39,2.14
Caleb Martin,DAL,45,17,28,27.1,11447.9,2.17,1.17,1.0,4.45,4.74,4.15,3.49,1.88,1.61,7.16,7.63,6.68,29,112.8,2.8,10.5,16.6,1.0,20.4,0.5,22.5,10.1,7.6,8.2,27.9,0.076,0.6,0.0,0.7,4.64,2.5,2.14
Kyshawn George,WAS,68,15,53,26.5,11417.0,2.16,1.16,1.0,4.57,5.0,4.16,3.48,1.87,1.61,7.35,8.05,6.69,21,115.5,3.5,12.2,18.8,1.0,23.9,0.7,24.8,11.1,8.8,8.8,27.4,0.055,0.1,-0.9,1.1,4.73,2.54,2.19
Aaron Nesmith,IND,45,29,16,24.9,10558.4,2.0,1.01,0.99,4.48,4.79,4.21,3.22,1.63,1.59,7.21,7.71,6.78,25,111.5,3.1,11.8,18.4,0.8,17.7,0.4,13.7,6.9,7.6,6.4,26.3,0.081,2.9,1.9,1.0,4.66,2.36,2.3
Max Strus,CLE,50,39,11,25.4,11256.3,2.13,1.14,0.99,4.69,5.3,4.14,3.43,1.83,1.59,7.55,8.53,6.66,29,112.2,3.3,11.8,17.9,0.5,13.8,0.2,11.8,8.7,7.4,8.5,25.4,0.077,3.4,2.2,1.3,4.86,2.59,2.25
Tim Hardaway Jr.,DET,77,41,36,28.0,10806.7,2.05,1.06,0.99,4.1,4.28,3.93,3.3,1.71,1.59,6.6,6.89,6.32,33,114.2,2.1,7.5,11.2,0.5,11.2,0.1,3.2,10.4,8.2,8.7,27.1,0.068,3.5,2.1,1.4,4.24,2.2,2.04
Max Christie,DAL,78,40,38,27.3,11052.0,2.09,1.12,0.98,4.31,4.59,4.02,3.36,1.8,1.58,6.94,7.39,6.47,22,114.3,2.8,10.2,15.6,0.8,18.3,0.4,14.9,8.9,8.8,8.7,31.3,0.067,2.7,1.1,1.6,4.43,2.37,2.08
Harrison Barnes,SAS,82,34,48,27.2,11222.6,2.13,1.14,0.98,4.42,4.76,4.07,3.43,1.83,1.58,7.11,7.66,6.55,33,115.6,2.6,9.1,13.9,0.5,10.8,0.2,5.6,9.2,8.5,9.4,28.9,0.055,5.6,5.0,0.5,4.54,2.42,2.09
Naji Marshall,DAL,69,32,37,27.8,10869.8,2.06,1.08,0.98,4.14,4.36,3.93,3.32,1.74,1.58,6.66,7.02,6.32,27,114.7,3.7,12.5,19.5,1.0,22.4,0.2,5.7,10.3,9.3,8.6,31.9,0.065,3.5,2.0,1.5,4.3,2.25,2.05
Brandin Podziemski,GSW,64,38,26,26.8,11399.0,2.16,1.18,0.98,4.49,4.85,4.12,3.48,1.9,1.58,7.23,7.81,6.63,22,105.1,4.1,15.1,22.4,1.1,19.5,0.2,8.0,8.1,6.8,6.9,24.5,0.137,4.2,1.9,2.3,4.67,2.55,2.12
Jeremy Sochan,SAS,54,21,33,25.3,10597.3,2.01,1.04,0.97,4.44,4.68,4.22,3.23,1.67,1.56,7.15,7.53,6.79,22,114.5,4.2,15.4,24.1,0.8,18.4,0.5,16.4,10.5,8.6,8.2,26.9,0.06,2.7,1.7,1.1,4.6,2.38,2.22
Kentavious Caldwell-Pope,MEM,77,38,39,29.6,10981.7,2.08,1.11,0.97,3.93,4.04,3.82,3.35,1.79,1.56,6.32,6.5,6.15,32,108.6,1.8,6.4,9.4,1.3,24.0,0.4,12.5,10.6,7.1,8.5,28.5,0.112,4.6,1.5,3.1,4.07,2.18,1.9
Santi Aldama,MEM,65,38,27,25.5,10996.1,2.08,1.12,0.97,4.63,5.08,4.19,3.35,1.8,1.56,7.45,8.18,6.74,24,112.6,5.0,18.1,27.8,0.8,16.5,0.4,16.9,10.4,8.0,9.5,26.5,0.075,5.0,2.9,2.0,4.73,2.54,2.2
Aaron Gordon,DEN,51,33,18,28.4,10697.8,2.03,1.06,0.97,4.0,4.29,3.73,3.27,1.71,1.56,6.44,6.9,6.0,29,113.0,3.3,10.9,16.4,0.5,9.6,0.3,12.1,10.9,8.0,9.3,30.6,0.08,4.3,3.6,0.7,4.15,2.17,1.98
Yves Missi,NOP,73,19,54,26.8,10701.1,2.03,1.07,0.96,4.26,4.43,4.07,3.27,1.72,1.54,6.86,7.13,6.55,21,120.5,4.7,17.7,27.9,0.5,10.9,1.3,46.2,11.1,9.0,10.7,30.3,0.018,3.6,2.5,1.1,4.39,2.31,2.07
Corey Kispert,WAS,61,14,47,26.3,11382.4,2.16,1.2,0.96,4.59,5.09,4.08,3.48,1.93,1.54,7.39,8.19,6.57,26,117.1,2.4,8.4,13.0,0.4,11.5,0.2,9.0,11.2,8.6,9.4,27.0,0.043,1.1,1.0,0.1,4.76,2.64,2.11
Jalen Duren,DET,78,43,35,26.1,10385.9,1.97,1.01,0.96,4.24,4.42,4.07,3.17,1.63,1.54,6.82,7.11,6.55,21,114.0,6.8,25.9,37.9,0.7,16.3,1.1,41.6,9.5,7.2,8.3,25.8,0.066,9.2,5.9,3.4,4.37,2.25,2.12
Quentin Grimes,PHI,75,29,46,26.8,10852.2,2.06,1.1,0.96,4.29,4.62,3.97,3.32,1.77,1.54,6.9,7.44,6.39,25,118.1,3.5,12.6,20.3,1.0,22.8,0.3,9.9,9.9,9.0,8.9,28.6,0.037,3.4,2.0,1.4,4.46,2.38,2.07
Stephon Castle,SAS,81,33,48,26.7,10625.7,2.01,1.06,0.96,4.23,4.54,3.93,3.23,1.71,1.54,6.81,7.31,6.32,20,116.6,2.6,9.2,14.5,0.9,19.7,0.3,9.1,10.2,9.3,8.6,29.4,0.048,1.1,0.1,1.0,4.36,2.31,2.08
Nickeil Alexander-Walker,MIN,82,49,33,25.3,10779.4,2.04,1.08,0.96,4.49,4.8,4.2,3.28,1.74,1.54,7.23,7.72,6.76,26,108.5,2.6,9.8,15.1,0.6,14.9,0.4,16.3,8.9,7.6,6.6,25.0,0.105,4.3,2.0,2.3,4.67,2.48,2.19
Naz Reid,MIN,80,47,33,27.5,10732.4,2.03,1.07,0.96,4.13,4.38,3.89,3.27,1.72,1.54,6.65,7.05,6.26,25,108.8,4.9,17.1,25.7,0.7,16.4,0.9,30.4,9.6,7.5,7.1,27.1,0.112,5.7,2.4,3.3,4.28,2.25,2.02
Malik Beasley,DET,82,44,38,27.8,10826.0,2.05,1.09,0.96,4.1,4.35,3.85,3.3,1.75,1.54,6.6,7.0,6.2,28,110.2,2.0,6.9,10.4,0.9,19.6,0.1,1.9,10.1,8.5,8.0,26.9,0.102,4.7,2.9,1.8,4.27,2.27,1.99
Terry Rozier,MIA,64,27,37,25.9,10751.5,2.04,1.08,0.96,4.4,4.61,4.19,3.28,1.74,1.54,7.08,7.42,6.74,31,112.3,3.0,11.3,16.4,0.6,13.0,0.2,10.9,8.7,6.7,8.8,25.4,0.079,1.0,-0.5,1.5,4.56,2.42,2.14
Draymond Green,GSW,68,42,26,29.2,10736.0,2.03,1.09,0.95,3.91,4.26,3.57,3.27,1.75,1.53,6.29,6.86,5.75,35,108.8,5.0,16.8,25.1,1.5,24.4,1.0,33.2,9.9,7.6,8.5,26.7,0.119,3.7,0.3,3.4,4.03,2.16,1.89
Nic Claxton,BKN,70,20,50,26.9,10698.0,2.03,1.08,0.95,4.21,4.31,4.11,3.27,1.74,1.53,6.78,6.94,6.61,26,116.2,5.1,19.8,30.4,0.9,20.5,1.4,54.1,11.4,6.9,10.1,28.1,0.051,4.3,1.8,2.5,4.38,2.33,2.05
Taurean Prince,MIL,80,46,34,27.1,10306.6,1.95,1.0,0.95,4.08,4.17,3.99,3.14,1.61,1.53,6.57,6.71,6.42,31,114.5,3.2,11.0,16.3,1.0,23.2,0.2,6.3,9.6,8.0,9.4,27.9,0.065,3.5,1.3,2.2,4.17,2.14,2.03
Payton Pritchard,BOS,80,59,21,28.4,11100.2,2.1,1.16,0.95,4.18,4.4,3.94,3.38,1.87,1.53,6.73,7.08,6.34,27,108.9,2.6,8.7,13.3,0.9,19.8,0.2,5.8,7.3,7.8,7.1,26.5,0.112,8.6,6.1,2.5,4.28,2.37,1.94
Haywood Highsmith,MIA,74,35,39,24.6,10517.6,1.99,1.05,0.94,4.55,4.74,4.35,3.2,1.69,1.51,7.32,7.63,7.0,28,110.4,2.4,9.8,14.4,0.9,21.0,0.5,27.4,8.4,6.7,7.7,24.4,0.087,3.3,1.3,2.1,4.68,2.47,2.21
Keon Ellis,SAC,80,39,41,24.4,10139.6,1.92,0.98,0.94,4.43,4.52,4.33,3.09,1.58,1.51,7.13,7.27,6.97,25,113.2,1.9,7.9,11.6,1.5,36.4,0.8,33.2,8.6,6.2,6.9,24.2,0.067,5.0,2.7,2.2,4.56,2.33,2.23
Jordan Poole,WAS,68,15,53,29.4,11388.4,2.16,1.22,0.94,4.12,4.68,3.56,3.48,1.96,1.51,6.63,7.53,5.73,26,117.9,2.5,8.0,12.4,1.3,24.6,0.4,11.9,12.2,10.0,11.1,33.3,0.042,2.0,1.2,0.8,4.26,2.4,1.85
De'Andre Hunter,CLE,64,38,26,27.2,10713.8,2.03,1.09,0.94,4.14,4.68,3.66,3.27,1.75,1.51,6.66,7.53,5.89,27,113.9,3.3,11.7,18.1,0.8,15.1,0.2,7.8,10.8,8.4,8.9,28.6,0.072,4.4,3.0,1.4,4.33,2.32,2.0
Klay Thompson,DAL,72,33,39,27.3,10899.5,2.06,1.13,0.93,4.28,4.73,3.84,3.32,1.82,1.5,6.89,7.61,6.18,35,115.2,2.8,9.7,15.0,0.7,16.3,0.4,12.4,9.6,9.0,9.1,30.5,0.059,1.8,0.7,1.1,4.38,2.4,1.98
Guerschon Yabusele,PHI,70,23,47,27.1,10562.5,2.0,1.07,0.93,4.12,4.3,3.94,3.22,1.72,1.5,6.63,6.92,6.34,29,116.7,3.7,14.9,23.8,0.8,16.1,0.3,16.3,8.9,8.4,8.2,29.2,0.046,3.9,2.9,1.0,4.28,2.28,1.99
Justin Edwards,PHI,44,11,33,26.2,10464.2,1.98,1.05,0.93,4.22,4.42,4.02,3.19,1.69,1.5,6.79,7.11,6.47,21,123.2,2.3,9.4,15.7,1.0,21.6,0.4,15.7,9.6,9.8,9.0,30.2,-0.003,0.9,0.4,0.5,4.38,2.32,2.06
Jalen Wilson,BKN,79,25,54,25.7,10741.3,2.03,1.1,0.93,4.41,4.61,4.2,3.27,1.77,1.5,7.1,7.42,6.76,24,113.7,2.5,10.2,15.5,0.5,12.0,0.1,2.9,10.3,6.7,8.3,25.8,0.067,1.9,0.9,1.0,4.58,2.48,2.1
Patrick Williams,CHI,63,31,32,25.0,10277.7,1.95,1.03,0.92,4.35,4.8,3.94,3.14,1.66,1.48,7.0,7.72,6.34,23,113.5,3.1,11.3,16.5,0.8,18.1,0.5,23.2,10.0,7.8,7.6,29.0,0.068,0.4,-0.9,1.3,4.52,2.39,2.13
Donte DiVincenzo,MIN,62,37,25,25.9,10457.0,1.98,1.06,0.92,4.26,4.64,3.89,3.19,1.71,1.48,6.86,7.47,6.26,28,109.1,3.2,11.5,17.5,1.2,25.6,0.3,9.9,10.0,7.8,7.3,26.1,0.104,3.9,1.6,2.2,4.43,2.38,2.06
Ziaire Williams,BKN,63,22,41,24.5,10069.3,1.91,0.98,0.92,4.34,4.34,4.35,3.07,1.58,1.48,6.98,6.98,7.0,23,116.2,3.6,15.4,23.8,1.0,24.4,0.4,18.4,9.4,6.6,8.6,25.6,0.047,2.1,0.5,1.6,4.51,2.32,2.17
Russell Westbrook,DEN,75,43,32,27.9,10229.8,1.94,1.03,0.91,3.93,4.36,3.54,3.12,1.66,1.46,6.32,7.02,5.7,36,116.2,3.6,11.9,18.2,1.4,28.9,0.5,16.4,11.0,8.9,10.4,30.1,0.054,1.9,-0.1,2.1,4.03,2.14,1.88
Gary Trent Jr.,MIL,74,44,30,25.6,9663.2,1.83,0.92,0.91,4.0,4.09,3.92,2.95,1.48,1.46,6.44,6.58,6.31,26,114.0,2.0,7.4,11.1,1.0,25.4,0.1,2.7,8.3,8.2,8.1,26.2,0.065,3.3,1.6,1.7,4.15,2.08,2.05
Keon Johnson,BKN,79,25,54,24.4,10151.9,1.92,1.01,0.91,4.39,4.5,4.27,3.09,1.63,1.46,7.07,7.24,6.87,23,114.4,3.0,12.5,18.9,1.0,26.1,0.4,17.1,10.0,6.6,7.9,25.5,0.06,0.5,-1.3,1.9,4.56,2.4,2.15
Kris Dunn,LAC,74,45,29,24.1,10093.1,1.91,1.0,0.91,4.46,4.63,4.28,3.07,1.61,1.46,7.18,7.45,6.89,31,106.0,2.7,11.1,16.1,1.7,32.8,0.4,17.3,9.1,6.0,7.6,22.8,0.117,4.0,0.8,3.2,4.59,2.4,2.18
Tyus Jones,PHX,81,36,45,26.8,10823.7,2.05,1.14,0.91,4.3,4.59,4.0,3.3,1.83,1.46,6.92,7.39,6.44,29,116.1,1.9,6.9,10.5,0.9,21.6,0.1,3.9,9.8,8.1,9.9,28.4,0.052,4.4,4.0,0.3,4.43,2.46,1.96
Mark Williams,CHA,44,9,35,26.6,10273.0,1.95,1.03,0.91,4.14,4.34,3.94,3.14,1.66,1.46,6.66,6.98,6.34,23,118.9,7.2,25.5,37.6,0.7,20.1,1.2,49.5,10.5,7.9,10.8,28.5,0.03,4.7,3.1,1.6,4.25,2.25,1.98
Al Horford,BOS,60,44,16,27.6,10112.1,1.92,1.01,0.91,3.98,4.04,3.91,3.09,1.63,1.46,6.41,6.5,6.29,39,108.1,4.8,16.5,24.0,0.6,15.9,0.9,28.3,6.8,6.7,7.7,26.7,0.117,4.4,2.0,2.4,4.03,2.13,1.9
Bobby Portis,MIL,49,30,19,25.4,10175.6,1.93,1.02,0.91,4.26,4.51,4.01,3.11,1.64,1.46,6.86,7.26,6.45,30,110.8,6.6,23.5,34.6,0.7,17.7,0.5,22.6,8.8,7.4,7.0,24.7,0.088,2.7,0.9,1.9,4.41,2.32,2.07
Jordan Hawkins,NOP,56,18,38,23.6,10048.4,1.9,1.0,0.9,4.51,4.77,4.24,3.06,1.61,1.45,7.26,7.68,6.82,23,118.1,2.4,9.7,15.6,0.5,13.6,0.4,14.8,9.0,9.3,9.2,26.8,0.032,-0.5,-0.7,0.1,4.67,2.46,2.21
Caris LeVert,ATL,64,46,18,24.9,10297.0,1.95,1.05,0.9,4.34,4.83,3.88,3.14,1.69,1.45,6.98,7.77,6.24,30,113.4,2.5,9.6,14.8,0.9,21.0,0.5,21.7,8.2,7.9,7.2,25.2,0.067,4.0,2.4,1.6,4.54,2.44,2.1
Kevin Huerter,CHI,69,39,30,24.3,10236.9,1.94,1.04,0.9,4.48,4.97,4.02,3.12,1.67,1.45,7.21,8.0,6.47,26,111.7,2.5,9.8,14.7,1.0,24.0,0.3,15.4,9.3,7.4,6.1,25.3,0.076,1.9,0.6,1.3,4.62,2.47,2.15
Kristaps Porziņģis,BOS,42,30,12,28.8,10252.7,1.94,1.04,0.9,3.9,4.07,3.72,3.12,1.67,1.45,6.28,6.55,5.99,29,110.3,5.1,16.3,23.4,0.7,19.9,1.5,42.6,8.4,7.7,9.5,26.0,0.105,5.3,3.3,2.0,3.9,2.09,1.81
Peyton Watson,DEN,68,40,28,24.4,9732.6,1.84,0.94,0.9,4.31,4.51,4.12,2.96,1.51,1.45,6.94,7.26,6.63,22,113.9,2.7,10.3,15.8,0.7,17.0,1.4,45.1,9.2,7.6,8.8,25.3,0.063,2.5,1.0,1.5,4.37,2.23,2.14
Jonathan Kuminga,GSW,47,28,19,24.3,10296.5,1.95,1.05,0.9,4.49,4.91,4.09,3.14,1.69,1.45,7.23,7.9,6.58,22,108.9,3.4,13.4,20.3,0.8,17.4,0.4,16.3,8.3,6.7,6.5,23.4,0.098,1.9,0.5,1.5,4.65,2.5,2.15
Nikola Jović,MIA,46,21,25,25.1,10298.3,1.95,1.05,0.9,4.32,4.6,4.04,3.14,1.69,1.45,6.95,7.4,6.5,22,110.7,3.3,12.7,19.3,0.8,21.7,0.3,15.1,8.7,6.7,7.9,25.5,0.088,2.5,1.2,1.3,4.5,2.42,2.08
Jose Alvarado,NOP,56,19,37,24.4,10036.7,1.9,1.01,0.89,4.37,4.59,4.14,3.06,1.63,1.43,7.03,7.39,6.66,27,117.1,1.9,7.7,12.0,1.3,32.2,0.3,9.3,9.2,8.5,8.8,25.0,0.04,1.2,0.7,0.5,4.51,2.4,2.11
Tari Eason,HOU,57,36,21,24.9,9974.4,1.89,1.0,0.89,4.22,4.4,4.03,3.04,1.61,1.43,6.79,7.08,6.49,24,109.2,4.1,15.8,23.9,1.7,35.1,0.9,33.6,8.6,7.0,7.2,25.8,0.1,5.0,2.1,2.9,4.4,2.33,2.07
Miles McBride,NYK,64,39,25,24.9,10085.4,1.91,1.02,0.89,4.36,4.59,4.13,3.07,1.64,1.43,7.02,7.39,6.65,24,109.7,1.8,6.9,10.8,1.0,22.1,0.3,11.3,7.9,6.4,7.2,24.7,0.095,3.2,1.8,1.4,4.44,2.37,2.07
Collin Sexton,UTA,63,14,49,27.9,10668.2,2.02,1.13,0.89,4.04,4.34,3.71,3.25,1.82,1.43,6.5,6.98,5.97,26,117.9,1.8,6.0,9.1,0.7,21.1,0.1,3.4,12.9,8.6,12.2,30.3,0.039,2.4,2.5,-0.1,4.19,2.35,1.85
Aaron Wiggins,OKC,76,62,14,22.9,10031.2,1.9,1.01,0.89,4.64,5.08,4.22,3.06,1.63,1.43,7.47,8.18,6.79,26,106.6,2.8,11.3,17.6,0.8,15.6,0.2,9.8,5.7,7.9,5.4,21.4,0.107,5.4,2.7,2.7,4.81,2.56,2.25
Derrick Jones Jr.,LAC,77,48,29,24.3,9791.4,1.85,0.97,0.88,4.27,4.41,4.13,2.98,1.56,1.42,6.87,7.1,6.65,28,108.7,2.2,9.2,13.2,1.0,21.2,0.4,19.3,8.7,6.0,8.1,23.8,0.099,4.7,2.1,2.6,4.41,2.31,2.1
Isaiah Collier,UTA,71,14,57,25.9,10357.5,1.96,1.08,0.88,4.23,4.58,3.85,3.15,1.74,1.42,6.81,7.37,6.2,20,118.6,2.9,10.4,16.1,0.9,25.0,0.2,9.6,11.4,8.2,9.7,27.9,0.031,-0.8,-1.3,0.5,4.38,2.42,1.97
Bogdan Bogdanović,LAC,54,33,21,25.0,10151.6,1.92,1.04,0.88,4.31,4.71,3.92,3.09,1.67,1.42,6.94,7.58,6.31,32,110.0,2.5,9.8,14.2,0.8,16.9,0.2,8.7,8.5,6.0,8.2,23.4,0.094,1.9,0.7,1.2,4.45,2.4,2.04
Julian Champagnie,SAS,82,34,48,23.6,9728.8,1.84,0.97,0.87,4.38,4.63,4.14,2.96,1.56,1.4,7.05,7.45,6.66,24,114.5,3.1,12.1,18.9,0.7,18.3,0.4,14.4,8.3,7.9,8.2,24.0,0.057,2.5,1.3,1.2,4.52,2.38,2.14
Ausar Thompson,DET,59,34,25,22.5,9328.9,1.77,0.9,0.86,4.41,4.62,4.21,2.85,1.45,1.38,7.1,7.44,6.78,22,109.2,3.3,13.9,21.0,1.7,38.6,0.7,27.4,8.1,6.8,6.7,21.4,0.09,3.8,1.5,2.4,4.56,2.32,2.21
Ja'Kobe Walter,TOR,52,19,33,21.2,9404.8,1.78,0.93,0.86,4.67,4.98,4.38,2.86,1.5,1.38,7.52,8.01,7.05,20,111.1,1.9,9.2,14.2,0.8,21.8,0.2,9.7,7.6,6.5,6.8,23.5,0.072,1.2,0.3,0.9,4.86,2.55,2.34
Buddy Hield,GSW,82,48,34,22.7,10004.8,1.89,1.04,0.86,4.67,5.07,4.26,3.04,1.67,1.38,7.52,8.16,6.86,32,110.1,2.6,11.1,17.1,0.8,20.3,0.3,13.2,7.5,6.2,6.9,22.9,0.083,2.8,0.6,2.2,4.82,2.65,2.19
Keldon Johnson,SAS,77,31,46,23.9,9756.6,1.85,0.99,0.86,4.31,4.62,4.0,2.98,1.59,1.38,6.94,7.44,6.44,25,115.9,3.4,13.6,21.7,0.6,14.4,0.3,10.7,8.6,8.6,7.1,25.3,0.048,3.2,2.2,1.0,4.49,2.39,2.08
Brandon Boston,NOP,42,8,34,23.6,9530.3,1.8,0.95,0.86,4.3,4.43,4.16,2.9,1.53,1.38,6.92,7.13,6.69,23,114.8,2.5,10.7,17.3,1.3,25.2,0.2,9.9,9.3,7.2,9.0,26.3,0.054,,,,4.42,2.33,2.11
D'Angelo Russell,BKN,58,26,32,25.5,10072.2,1.91,1.05,0.86,4.17,4.53,3.81,3.07,1.69,1.38,6.71,7.29,6.13,29,111.6,2.4,9.3,14.5,1.0,21.5,0.4,14.0,9.0,7.2,8.6,27.7,0.084,1.9,0.7,1.3,4.33,2.39,1.95
Mike Conley,MIN,71,44,27,24.7,10082.3,1.91,1.05,0.86,4.35,4.68,4.01,3.07,1.69,1.38,7.0,7.53,6.45,37,109.0,2.1,8.5,12.4,1.1,26.4,0.2,7.6,8.3,6.3,7.6,24.3,0.097,5.2,3.0,2.2,4.47,2.46,2.01
Wendell Carter Jr.,ORL,68,31,37,25.9,9596.7,1.82,0.95,0.86,3.93,4.0,3.86,2.93,1.53,1.38,6.32,6.44,6.21,26,107.8,5.0,20.2,29.5,0.8,16.0,0.6,23.3,8.8,6.1,7.5,25.4,0.112,4.6,1.6,3.0,4.07,2.13,1.92
Anthony Black,ORL,78,39,39,24.2,9460.5,1.79,0.95,0.85,4.11,4.2,4.0,2.88,1.53,1.37,6.61,6.76,6.44,21,107.1,2.3,10.0,15.1,1.1,23.9,0.6,19.6,8.5,5.9,7.3,22.9,0.11,2.4,-0.6,3.0,4.28,2.28,2.04
Scotty Pippen Jr.,MEM,79,46,33,21.3,9365.1,1.77,0.92,0.85,4.7,5.05,4.36,2.85,1.48,1.37,7.56,8.13,7.02,24,109.7,2.5,10.5,16.3,1.3,29.9,0.4,14.9,8.4,6.7,6.9,20.6,0.081,4.7,2.4,2.3,4.82,2.5,2.32
Amir Coffey,LAC,72,41,31,24.3,9199.6,1.74,0.9,0.85,4.0,4.04,3.96,2.8,1.45,1.37,6.44,6.5,6.37,28,110.6,1.8,7.2,10.9,0.6,13.3,0.1,4.3,9.5,6.7,8.0,24.3,0.086,4.0,2.4,1.7,4.15,2.15,2.03
Spencer Dinwiddie,DAL,79,37,42,27.0,9809.4,1.86,1.01,0.85,3.86,4.14,3.57,2.99,1.63,1.37,6.21,6.66,5.75,32,115.1,2.4,8.6,13.1,0.9,21.6,0.2,7.7,9.4,8.7,9.3,30.4,0.06,3.7,2.4,1.2,3.99,2.17,1.83
Luke Kennard,MEM,65,37,28,22.6,9594.4,1.82,0.98,0.84,4.55,4.97,4.15,2.93,1.58,1.35,7.32,8.0,6.68,29,114.5,2.2,9.4,14.3,0.8,19.6,0.1,3.0,9.9,7.6,8.7,23.5,0.054,3.9,2.6,1.3,4.67,2.52,2.15
Duncan Robinson,MIA,74,30,44,24.1,10014.3,1.9,1.06,0.84,4.4,4.9,3.9,3.06,1.71,1.35,7.08,7.89,6.28,31,109.9,2.0,8.4,12.1,0.5,14.2,0.1,4.7,8.3,6.3,7.3,24.1,0.089,2.7,1.3,1.4,4.57,2.55,2.02
Chris Paul,SAS,82,34,48,27.9,9606.7,1.82,0.98,0.84,3.66,3.95,3.38,2.93,1.58,1.35,5.89,6.36,5.44,40,115.0,3.2,11.0,16.7,1.3,26.8,0.3,8.3,9.3,8.6,9.3,28.7,0.062,5.7,4.2,1.6,3.78,2.04,1.74
Grayson Allen,PHX,64,29,35,24.1,9837.2,1.86,1.03,0.83,4.29,4.58,3.98,2.99,1.66,1.34,6.9,7.37,6.41,29,118.0,2.5,10.3,15.7,0.8,24.0,0.3,12.5,9.2,6.9,9.1,24.9,0.034,2.5,2.0,0.6,4.47,2.48,2.0
Jake LaRavia,SAC,66,40,26,20.4,9182.7,1.74,0.91,0.83,4.71,4.96,4.46,2.8,1.46,1.34,7.58,7.98,7.18,23,111.2,2.6,12.0,18.5,0.9,24.7,0.3,14.4,9.0,6.4,6.7,21.2,0.071,2.9,1.4,1.5,4.94,2.58,2.36
AJ Green,MIL,73,44,29,22.7,9547.5,1.81,0.98,0.83,4.47,4.89,4.06,2.91,1.58,1.34,7.19,7.87,6.53,25,107.6,2.1,8.7,12.6,0.5,14.1,0.1,4.8,7.5,5.9,6.6,21.6,0.1,,,,4.61,2.51,2.13
Justin Champagnie,WAS,62,16,46,21.6,9071.3,1.72,0.9,0.82,4.44,4.66,4.22,2.77,1.45,1.32,7.15,7.5,6.79,24,116.8,3.9,15.9,25.7,1.0,33.0,0.6,28.1,8.6,7.6,7.8,23.0,0.038,2.8,1.6,1.2,4.62,2.42,2.2
Cody Williams,UTA,50,9,41,21.2,9211.3,1.74,0.92,0.82,4.59,4.67,4.5,2.8,1.48,1.32,7.39,7.52,7.24,20,118.5,1.7,7.5,11.4,0.5,16.1,0.3,16.2,9.6,7.1,8.8,23.5,0.027,-1.2,-1.2,0.1,4.75,2.51,2.24
Cody Martin,PHX,53,16,37,22.1,9382.5,1.78,0.96,0.82,4.46,4.77,4.14,2.86,1.54,1.32,7.18,7.68,6.66,29,111.3,3.2,13.6,20.7,1.1,28.7,0.6,26.4,8.2,6.4,7.6,22.0,0.075,1.3,0.1,1.2,4.66,2.51,2.15
DaQuan Jeffries,CHA,47,9,38,22.8,9162.4,1.74,0.92,0.81,4.27,4.48,4.06,2.8,1.48,1.3,6.87,7.21,6.53,27,118.2,2.1,8.7,13.4,0.6,19.7,0.5,26.3,9.8,6.8,7.9,23.3,0.03,0.6,0.0,0.6,4.42,2.34,2.05
Nick Smith Jr.,CHA,60,14,46,22.8,9695.4,1.84,1.03,0.81,4.52,4.96,4.06,2.96,1.66,1.3,7.27,7.98,6.53,21,116.4,1.9,8.0,12.3,0.3,8.6,0.1,5.0,9.0,6.4,8.7,24.1,0.042,-0.5,-0.9,0.3,4.67,2.62,2.05
Royce O'Neale,PHX,75,33,42,24.5,9744.5,1.85,1.03,0.81,4.21,4.55,3.84,2.98,1.66,1.3,6.78,7.32,6.18,32,116.4,3.9,15.7,24.1,0.9,23.1,0.5,19.1,8.9,7.3,8.7,25.9,0.046,2.8,1.6,1.2,4.38,2.44,1.91
Tyrese Martin,BKN,60,16,44,21.9,9470.1,1.79,0.98,0.81,4.55,4.83,4.25,2.88,1.58,1.3,7.32,7.77,6.84,26,113.4,2.7,13.3,19.5,0.6,15.3,0.2,8.4,9.3,5.7,7.6,22.7,0.06,0.9,0.0,0.9,4.73,2.6,2.14
Ben Sheppard,IND,63,40,23,19.5,8729.5,1.65,0.84,0.81,4.72,4.85,4.6,2.66,1.35,1.3,7.6,7.81,7.4,23,113.4,2.1,10.6,16.4,0.6,18.0,0.2,11.6,6.3,5.8,6.1,22.0,0.054,2.1,1.0,1.0,4.91,2.49,2.4
Daniel Gafford,DAL,57,28,29,21.5,8799.1,1.67,0.86,0.8,4.35,4.52,4.18,2.69,1.38,1.29,7.0,7.27,6.73,26,113.4,4.1,16.8,26.9,0.4,12.7,1.8,59.0,8.7,7.1,6.7,21.9,0.058,5.9,4.4,1.5,4.5,2.31,2.16
Dean Wade,CLE,59,47,12,21.2,8859.1,1.68,0.88,0.79,4.45,4.89,4.04,2.7,1.42,1.27,7.16,7.87,6.5,28,109.4,3.4,15.0,22.4,0.7,18.0,0.3,18.0,6.4,5.8,7.2,21.3,0.082,3.0,1.3,1.7,4.58,2.41,2.16
Isaiah Joe,OKC,74,63,11,21.7,9056.0,1.72,0.92,0.79,4.42,4.8,4.04,2.77,1.48,1.27,7.11,7.72,6.5,25,104.1,2.1,8.9,13.6,0.6,15.5,0.1,5.1,5.9,7.0,5.4,18.8,0.117,5.1,2.9,2.2,4.6,2.46,2.11
Jonathan Mogbo,TOR,63,18,45,20.4,8329.5,1.58,0.79,0.79,4.3,4.4,4.2,2.54,1.27,1.27,6.92,7.08,6.76,23,111.9,3.2,15.7,24.7,0.9,24.2,0.5,30.9,8.2,6.8,7.4,22.7,0.065,1.9,0.3,1.6,4.48,2.24,2.24
Nick Richards,PHX,57,17,40,22.0,9128.7,1.73,0.94,0.79,4.43,4.64,4.21,2.78,1.51,1.27,7.13,7.47,6.78,27,120.9,5.6,24.3,35.0,0.2,9.9,1.0,43.7,9.0,6.6,8.5,22.6,0.012,3.0,1.8,1.2,4.55,2.47,2.08
Sam Hauser,BOS,71,52,19,21.7,9030.8,1.71,0.93,0.78,4.48,4.73,4.21,2.75,1.5,1.26,7.21,7.61,6.78,27,109.8,2.5,11.3,17.1,0.6,18.8,0.2,7.9,5.1,5.9,5.0,21.2,0.08,4.4,2.6,1.8,4.56,2.49,2.09
Jaime Jaquez Jr.,MIA,66,32,34,20.7,9000.6,1.7,0.93,0.78,4.6,5.01,4.2,2.74,1.5,1.26,7.4,8.06,6.76,24,113.9,3.1,14.5,21.5,0.9,27.9,0.2,12.4,7.4,5.8,6.7,20.8,0.054,2.3,0.5,1.8,4.77,2.61,2.19
Moses Moody,GSW,74,45,29,22.3,8893.1,1.68,0.91,0.78,4.22,4.5,3.93,2.7,1.46,1.26,6.79,7.24,6.32,23,108.9,1.9,8.4,12.3,0.8,17.3,0.4,20.7,7.3,5.4,6.8,20.2,0.09,3.5,1.7,1.8,4.36,2.36,2.03
Bruce Brown,NOP,41,15,26,22.5,8894.6,1.68,0.91,0.78,4.19,4.55,3.84,2.7,1.46,1.26,6.74,7.32,6.18,28,116.8,3.0,13.4,20.5,0.8,21.9,0.2,11.6,8.4,7.0,6.8,22.4,0.039,0.7,0.1,0.6,4.32,2.34,2.02
Georges Niang,ATL,79,55,24,21.5,8795.3,1.67,0.88,0.78,4.31,4.81,3.86,2.69,1.42,1.26,6.94,7.74,6.21,32,114.1,2.8,12.6,19.6,0.4,10.3,0.2,9.3,6.6,6.7,6.3,21.0,0.053,2.9,1.5,1.4,4.5,2.38,2.11
Terance Mann,ATL,67,37,30,21.1,8661.7,1.64,0.86,0.78,4.32,4.55,4.1,2.64,1.38,1.26,6.95,7.32,6.6,28,115.2,2.0,9.4,14.2,0.7,19.4,0.2,10.6,7.8,6.1,6.7,21.7,0.045,3.0,1.7,1.3,4.5,2.35,2.15
Tristan da Silva,ORL,74,35,39,22.0,9089.1,1.72,0.94,0.78,4.37,4.61,4.11,2.77,1.51,1.26,7.03,7.42,6.61,24,110.3,2.3,11.4,17.1,0.4,11.1,0.2,9.0,8.5,5.5,6.3,21.8,0.079,,,,4.53,2.47,2.06
Zach Edey,MEM,66,35,31,21.4,8564.8,1.62,0.84,0.78,4.32,4.58,4.06,2.61,1.35,1.26,6.95,7.37,6.53,23,111.5,4.8,20.4,29.8,0.5,16.5,1.3,50.9,9.4,6.0,7.7,20.8,0.069,4.9,2.7,2.2,4.39,2.27,2.12
Obi Toppin,IND,79,48,31,19.6,8584.0,1.63,0.85,0.77,4.63,4.98,4.3,2.62,1.37,1.24,7.45,8.01,6.92,27,116.1,3.3,16.7,26.3,0.6,17.6,0.4,15.1,7.0,5.5,6.5,22.9,0.038,4.3,2.7,1.6,4.81,2.52,2.28
Noah Clowney,BKN,46,11,35,22.7,9140.1,1.73,0.96,0.77,4.27,4.55,3.97,2.78,1.54,1.24,6.87,7.32,6.39,20,115.2,3.0,13.8,21.0,0.5,15.2,0.5,25.0,8.9,7.0,7.1,21.7,0.049,0.5,-0.3,0.8,4.41,2.44,1.97
Julian Strawther,DEN,65,41,24,21.3,8642.5,1.64,0.87,0.77,4.36,4.71,4.02,2.64,1.4,1.24,7.02,7.58,6.47,23,114.4,1.9,8.3,12.7,0.6,16.7,0.2,11.6,8.0,6.8,7.4,21.4,0.052,1.3,0.5,0.8,4.46,2.37,2.1
Johnny Juzang,UTA,64,15,49,19.8,8907.5,1.69,0.92,0.77,4.76,4.97,4.51,2.72,1.48,1.24,7.66,8.0,7.26,24,120.3,2.2,10.9,16.8,0.6,21.1,0.1,9.5,9.3,6.3,8.6,21.8,0.014,1.6,1.3,0.3,4.95,2.69,2.25
Kel'el Ware,MIA,64,28,36,22.2,8523.5,1.61,0.85,0.76,4.09,4.32,3.86,2.59,1.37,1.22,6.58,6.95,6.21,21,110.9,5.6,23.8,35.6,0.6,17.4,1.1,47.7,8.1,6.3,7.0,23.3,0.077,4.1,1.7,2.5,4.2,2.22,1.98
Clint Capela,ATL,55,27,28,21.4,8369.7,1.59,0.83,0.76,4.17,4.47,3.89,2.56,1.34,1.22,6.71,7.19,6.26,31,111.5,5.4,23.8,36.1,0.6,13.9,1.0,40.8,8.5,6.7,7.6,22.2,0.071,3.2,1.7,1.5,4.31,2.25,2.05
Sam Merrill,CLE,71,54,17,19.7,8259.6,1.56,0.8,0.76,4.43,4.78,4.12,2.51,1.29,1.22,7.13,7.69,6.63,29,107.1,1.7,7.7,12.1,0.7,21.5,0.2,11.4,6.0,5.7,4.8,17.7,0.089,3.3,1.8,1.5,4.59,2.36,2.23
Kyle Filipowski,UTA,72,13,59,21.1,8580.6,1.63,0.87,0.75,4.29,4.46,4.11,2.62,1.4,1.21,6.9,7.18,6.61,21,118.9,4.6,21.3,33.4,0.7,21.1,0.3,20.4,9.4,6.6,8.3,24.6,0.024,2.5,1.5,1.0,4.47,2.39,2.06
Tre Jones,CHI,46,21,25,19.7,8333.9,1.58,0.83,0.75,4.5,4.89,4.13,2.54,1.34,1.21,7.24,7.87,6.65,25,113.5,1.8,8.6,13.6,0.8,25.9,0.2,9.0,6.3,6.7,5.3,20.9,0.052,2.9,2.3,0.6,4.64,2.45,2.21
Tidjane Salaün,CHA,60,12,48,20.7,8775.3,1.66,0.91,0.75,4.47,4.73,4.19,2.67,1.46,1.21,7.19,7.61,6.74,19,111.2,3.5,16.8,25.2,0.5,14.2,0.2,14.3,9.0,5.3,6.9,20.0,0.069,0.0,-0.9,0.9,4.64,2.54,2.1
Isaac Okoro,CLE,55,44,11,19.1,7955.2,1.51,0.76,0.75,4.42,4.66,4.19,2.43,1.22,1.21,7.11,7.5,6.74,24,109.7,1.5,7.2,10.8,0.6,17.7,0.3,16.3,6.3,5.2,6.2,17.5,0.072,2.5,1.5,1.0,4.58,2.3,2.28
Ryan Dunn,PHX,74,32,42,19.1,8121.9,1.54,0.8,0.74,4.55,4.6,4.5,2.48,1.29,1.19,7.32,7.4,7.24,22,115.1,2.4,11.7,17.9,0.6,20.1,0.5,25.6,6.4,5.7,5.8,18.2,0.042,1.0,0.2,0.7,4.67,2.43,2.24
Vít Krejčí,ATL,57,28,29,20.2,8467.6,1.6,0.86,0.74,4.45,4.98,3.96,2.57,1.38,1.19,7.16,8.01,6.37,25,111.6,2.4,11.6,16.9,0.6,16.7,0.5,21.8,8.1,5.6,6.5,22.1,0.064,,,,4.58,2.46,2.12
Gabe Vincent,LAL,72,46,26,21.2,8502.1,1.61,0.87,0.74,4.23,4.46,3.98,2.59,1.4,1.19,6.81,7.18,6.41,29,110.7,1.0,4.5,7.0,0.7,21.7,0.2,9.0,7.4,6.3,7.3,21.8,0.074,1.3,0.3,1.0,4.4,2.38,2.02
Alex Caruso,OKC,54,44,10,19.3,8123.4,1.54,0.8,0.74,4.42,4.78,4.09,2.48,1.29,1.19,7.11,7.69,6.58,31,102.5,2.2,10.8,17.1,1.6,34.1,0.6,21.4,5.3,6.1,4.6,15.5,0.114,3.9,1.6,2.3,4.63,2.41,2.22
KJ Martin,UTA,43,11,32,21.2,8360.0,1.58,0.84,0.74,4.16,4.34,3.96,2.54,1.35,1.19,6.69,6.98,6.37,24,117.4,2.2,10.3,16.5,0.4,11.5,0.5,30.1,9.0,7.4,8.0,22.9,0.032,1.3,1.1,0.2,4.31,2.29,2.02
Brandon Clarke,MEM,64,40,24,18.9,7990.5,1.51,0.79,0.73,4.53,4.92,4.17,2.43,1.27,1.17,7.29,7.92,6.71,28,108.2,3.1,14.8,23.4,0.8,20.8,0.6,25.0,7.6,6.0,6.0,18.3,0.08,4.4,2.7,1.7,4.63,2.42,2.23
Kevin Porter Jr.,MIL,75,43,32,19.8,8177.5,1.55,0.82,0.73,4.38,4.65,4.12,2.49,1.32,1.17,7.05,7.48,6.63,25,108.0,3.1,14.8,22.0,1.1,29.8,0.2,8.9,6.9,6.1,5.7,18.2,0.084,2.2,-0.1,2.3,4.53,2.4,2.13
Matas Buzelis,CHI,80,39,41,18.9,7957.9,1.51,0.79,0.72,4.49,4.88,4.13,2.43,1.27,1.16,7.23,7.85,6.65,20,112.1,2.8,13.3,19.4,0.4,13.4,0.9,41.9,7.5,6.0,6.1,20.3,0.058,1.9,0.5,1.4,4.63,2.42,2.21
Precious Achiuwa,NYK,57,36,21,20.5,8124.8,1.54,0.82,0.72,4.2,4.3,4.1,2.48,1.32,1.16,6.76,6.92,6.6,25,111.4,3.8,18.8,28.9,0.8,21.9,0.7,41.6,7.9,4.9,6.8,21.6,0.068,2.3,0.7,1.7,4.36,2.32,2.04
T.J. McConnell,IND,79,49,30,17.9,8104.5,1.53,0.81,0.72,4.78,5.12,4.46,2.46,1.3,1.16,7.69,8.24,7.18,33,113.8,1.9,10.4,16.0,1.1,33.2,0.3,13.8,6.5,5.0,5.2,19.2,0.047,3.2,1.5,1.7,4.95,2.61,2.33
Ben Simmons,LAC,51,26,25,22.0,8261.3,1.56,0.85,0.72,3.99,4.27,3.71,2.51,1.37,1.16,6.42,6.87,5.97,28,113.5,3.8,18.4,27.1,0.7,20.7,0.5,24.0,8.3,6.8,6.8,20.7,0.059,1.8,0.5,1.3,4.11,2.24,1.9
Jeremiah Robinson-Earl,NOP,66,17,49,18.8,8232.2,1.56,0.83,0.72,4.64,4.96,4.32,2.51,1.34,1.16,7.47,7.98,6.95,24,119.0,3.1,16.6,25.2,0.6,19.1,0.1,6.4,7.9,5.9,7.0,20.7,0.021,1.7,1.3,0.5,4.81,2.57,2.22
Kelly Olynyk,NOP,44,12,32,20.3,7979.2,1.51,0.8,0.71,4.18,4.54,3.84,2.43,1.29,1.14,6.73,7.31,6.18,34,113.4,3.3,15.4,24.1,0.8,20.6,0.4,24.7,7.8,6.9,7.1,20.1,0.055,1.7,1.0,0.7,4.31,2.29,2.02
Jamal Shead,TOR,75,28,47,19.6,7985.0,1.51,0.8,0.71,4.3,4.64,3.97,2.43,1.29,1.14,6.92,7.47,6.39,22,113.3,1.1,5.7,9.1,0.8,22.4,0.1,7.8,7.5,6.7,6.3,20.2,0.054,0.8,-0.2,1.1,4.46,2.37,2.09
Karlo Matković,NOP,42,12,30,18.8,7910.9,1.5,0.79,0.71,4.42,4.75,4.1,2.41,1.27,1.14,7.11,7.64,6.6,24,114.1,3.5,17.7,27.2,0.5,16.3,1.0,43.2,7.7,6.8,5.9,18.2,0.048,1.6,1.0,0.6,4.61,2.43,2.18
Javonte Green,CLE,68,24,44,18.5,7729.6,1.46,0.76,0.7,4.42,4.54,4.29,2.35,1.22,1.13,7.11,7.31,6.9,31,117.0,2.3,12.2,19.2,1.0,26.7,0.5,23.8,6.7,5.9,8.0,20.5,0.031,1.6,0.7,0.9,4.57,2.37,2.2
Trey Lyles,SAC,69,34,35,19.6,7881.7,1.49,0.79,0.7,4.25,4.45,4.05,2.4,1.27,1.13,6.84,7.16,6.52,29,113.8,3.4,17.7,26.8,0.6,17.7,0.3,17.8,6.8,5.5,5.4,19.1,0.051,2.6,1.3,1.2,4.41,2.33,2.08
Isaiah Stewart,DET,72,38,34,19.9,7745.7,1.47,0.76,0.7,4.11,4.27,3.96,2.37,1.22,1.13,6.61,6.87,6.37,24,108.6,3.7,17.0,25.8,0.4,13.8,1.4,59.4,7.7,6.7,5.6,18.9,0.082,4.3,2.1,2.2,4.29,2.21,2.04
Trendon Watford,BKN,44,16,28,20.7,8180.6,1.55,0.85,0.7,4.15,4.41,3.88,2.49,1.37,1.13,6.68,7.1,6.24,24,109.4,2.8,13.2,20.5,0.6,19.6,0.3,13.0,8.9,6.3,6.8,20.6,0.08,0.7,0.0,0.8,4.33,2.38,1.97
Donovan Clingan,POR,67,29,38,19.8,7785.1,1.47,0.77,0.7,4.2,4.45,3.95,2.37,1.24,1.13,6.76,7.16,6.36,21,109.7,4.6,21.8,32.9,0.5,15.6,1.6,65.1,7.7,6.1,7.8,19.0,0.076,4.0,1.8,2.2,4.31,2.25,2.05
Goga Bitadze,ORL,70,38,32,20.4,7925.2,1.5,0.8,0.7,4.11,4.24,3.97,2.41,1.29,1.13,6.61,6.82,6.39,25,107.4,4.2,22.7,32.9,0.7,18.6,1.4,49.0,7.6,5.0,5.8,18.6,0.089,5.8,2.8,3.0,4.25,2.28,1.99
Brice Sensabaugh,UTA,71,14,57,20.2,7886.9,1.49,0.79,0.7,4.13,4.25,3.99,2.4,1.27,1.13,6.65,6.84,6.42,21,119.5,2.4,11.0,17.5,0.6,21.8,0.1,6.3,9.1,7.3,7.8,23.5,0.019,1.2,0.9,0.3,4.28,2.26,2.01
Ty Jerome,CLE,70,55,15,19.9,7948.7,1.51,0.81,0.69,4.23,4.75,3.74,2.43,1.3,1.11,6.81,7.64,6.02,27,110.4,1.8,8.3,12.8,1.1,31.1,0.0,2.6,6.8,6.3,5.5,19.5,0.071,5.9,4.2,1.8,4.4,2.35,2.01
Jusuf Nurkić,CHA,51,18,33,20.8,8053.6,1.53,0.83,0.69,4.13,4.36,3.88,2.46,1.34,1.11,6.65,7.02,6.24,30,115.1,6.1,28.5,41.6,0.8,24.5,0.7,41.0,8.1,5.6,8.1,19.3,0.046,1.5,0.0,1.5,4.26,2.32,1.92
Jamison Battle,TOR,59,21,38,17.7,7483.8,1.42,0.73,0.68,4.48,4.71,4.27,2.29,1.17,1.09,7.21,7.58,6.87,24,113.4,2.1,11.7,18.0,0.3,10.4,0.2,12.8,7.3,5.3,7.2,19.0,0.048,1.7,1.0,0.7,4.66,2.38,2.22
Jaxson Hayes,LAL,56,38,18,19.5,7535.8,1.43,0.76,0.67,4.11,4.3,3.92,2.3,1.22,1.08,6.61,6.92,6.31,25,109.8,3.4,16.3,24.2,0.6,17.8,0.9,45.1,6.5,5.4,7.8,18.8,0.074,3.7,2.3,1.4,4.25,2.25,1.99
Orlando Robinson,TOR,44,23,21,17.5,7220.8,1.37,0.7,0.67,4.35,4.49,4.21,2.2,1.13,1.08,7.0,7.23,6.78,24,109.2,3.0,16.1,24.7,0.4,12.9,0.4,25.8,6.4,5.5,6.3,18.0,0.069,1.2,0.4,0.8,4.53,2.32,2.22
Garrison Mathews,ATL,47,21,26,17.6,7369.4,1.4,0.74,0.66,4.4,4.82,4.02,2.25,1.19,1.06,7.08,7.76,6.47,28,111.4,1.6,8.5,12.9,0.6,17.4,0.3,15.8,6.6,5.1,5.6,17.1,0.058,1.5,1.0,0.5,4.6,2.43,2.17
Moussa Diabaté,CHA,71,15,56,17.5,7213.0,1.37,0.71,0.66,4.34,4.46,4.21,2.2,1.14,1.06,6.98,7.18,6.78,23,110.3,3.5,20.9,32.2,0.6,22.0,0.6,34.8,7.1,4.8,5.2,16.9,0.062,3.2,1.8,1.5,4.53,2.35,2.18
Dalton Knecht,LAL,78,47,31,19.1,7664.7,1.45,0.79,0.66,4.23,4.52,3.94,2.33,1.27,1.06,6.81,7.27,6.34,24,114.9,2.3,11.6,18.5,0.3,11.5,0.1,6.8,6.9,6.5,6.5,19.5,0.043,2.7,1.7,1.0,4.39,2.39,2.0
Day'Ron Sharpe,BKN,50,14,36,18.1,7403.3,1.4,0.75,0.65,4.29,4.53,4.05,2.25,1.21,1.05,6.9,7.29,6.52,23,107.1,3.6,20.2,30.8,0.8,26.8,0.8,45.2,7.1,5.6,5.3,17.3,0.081,2.7,1.3,1.4,4.48,2.41,2.09
Luke Kornet,BOS,73,53,20,18.6,7256.7,1.37,0.73,0.65,4.2,4.28,4.11,2.2,1.17,1.05,6.76,6.89,6.61,29,106.3,2.7,13.9,20.8,0.5,17.7,1.0,48.6,4.9,4.7,5.1,15.8,0.087,7.0,4.8,2.2,4.26,2.26,2.03
Chris Boucher,TOR,50,18,32,17.3,7056.8,1.34,0.7,0.64,4.33,4.51,4.15,2.16,1.13,1.03,6.97,7.26,6.68,32,113.5,3.1,17.5,27.9,0.5,17.3,0.5,32.5,6.2,5.5,5.6,17.3,0.045,2.7,1.7,1.0,4.49,2.35,2.14
Cole Anthony,MEM,67,35,32,18.4,7581.8,1.44,0.79,0.64,4.35,4.66,4.02,2.32,1.27,1.03,7.0,7.5,6.47,25,109.0,2.4,13.1,19.7,0.7,21.7,0.5,19.3,6.3,4.3,4.7,16.3,0.068,2.0,0.0,2.0,4.54,2.48,2.02
Nicolas Batum,LAC,78,47,31,17.5,7024.4,1.33,0.7,0.63,4.22,4.34,4.09,2.14,1.13,1.01,6.79,6.98,6.58,36,104.7,2.2,11.7,17.3,0.7,20.9,0.5,24.7,6.2,4.6,5.5,16.4,0.093,3.5,1.5,2.0,4.4,2.32,2.08
Jonas Valančiūnas,SAC,81,23,58,18.8,7139.1,1.35,0.72,0.63,4.02,4.15,3.88,2.17,1.16,1.01,6.47,6.68,6.24,33,118.8,5.4,28.6,41.3,0.5,17.6,0.6,35.1,8.1,5.6,6.3,19.2,0.022,4.3,2.6,1.7,4.16,2.22,1.93
Gary Payton II,GSW,62,36,26,14.9,6786.0,1.29,0.65,0.63,4.8,5.09,4.54,2.08,1.05,1.01,7.72,8.19,7.31,32,110.1,2.1,13.4,21.2,0.8,26.7,0.3,16.2,5.3,4.4,4.2,14.7,0.056,3.0,1.5,1.5,5.03,2.54,2.44
Vasilije Micić,PHX,41,8,33,19.1,7559.4,1.43,0.81,0.62,4.19,4.62,3.75,2.3,1.3,1.0,6.74,7.44,6.04,31,109.4,1.7,8.5,12.9,0.4,12.7,0.0,0.0,8.0,5.4,7.0,20.1,0.073,-1.0,-1.2,0.2,4.34,2.45,1.88
Simone Fontecchio,DET,75,38,37,16.5,7079.1,1.34,0.72,0.62,4.54,4.9,4.18,2.16,1.16,1.0,7.31,7.89,6.73,29,109.5,2.2,12.7,18.9,0.4,15.2,0.2,9.2,6.5,4.8,5.2,16.3,0.065,1.6,0.4,1.2,4.71,2.53,2.18
Alec Burks,MIA,49,26,23,17.6,6929.9,1.31,0.7,0.62,4.18,4.33,4.03,2.11,1.13,1.0,6.73,6.97,6.49,33,107.6,2.2,11.9,17.8,0.6,20.7,0.1,10.6,5.5,4.6,5.4,18.1,0.077,1.8,0.9,0.9,4.32,2.31,2.05
Kris Murray,POR,69,31,38,15.1,6426.0,1.22,0.61,0.61,4.47,4.56,4.37,1.96,0.98,0.98,7.19,7.34,7.03,24,107.8,1.5,9.6,15.5,0.5,16.7,0.2,16.0,6.3,4.5,5.3,15.2,0.067,0.7,-0.2,0.9,4.67,2.34,2.34
Ricky Council IV,PHI,73,16,57,17.1,7078.4,1.34,0.73,0.61,4.35,4.69,4.0,2.16,1.17,0.98,7.0,7.55,6.44,23,116.0,2.2,13.0,20.9,0.4,15.1,0.2,10.0,5.3,5.7,6.1,18.6,0.034,0.6,0.1,0.5,4.55,2.46,2.06
Mason Plumlee,PHX,74,33,41,17.6,7381.7,1.4,0.79,0.61,4.45,4.81,4.05,2.25,1.27,0.98,7.16,7.74,6.52,35,115.0,4.6,25.3,38.6,0.4,15.9,0.6,36.2,6.7,4.9,6.4,17.6,0.04,3.7,2.4,1.3,4.6,2.6,2.0
Jared Butler,PHI,60,6,54,17.4,7069.9,1.34,0.73,0.61,4.29,4.72,3.88,2.16,1.17,0.98,6.9,7.6,6.24,24,114.5,1.4,7.6,12.0,0.7,22.2,0.2,10.1,6.1,6.1,5.9,17.3,0.043,1.4,1.0,0.4,4.47,2.42,2.03
Dalano Banton,POR,67,28,39,16.7,6824.9,1.29,0.68,0.61,4.31,4.63,4.0,2.08,1.09,0.98,6.94,7.45,6.44,25,111.8,1.6,8.8,14.6,0.6,24.4,0.5,23.4,6.7,5.5,6.1,17.8,0.054,0.8,-0.3,1.1,4.48,2.35,2.11
Quinten Post,GSW,42,26,16,16.3,6814.6,1.29,0.69,0.6,4.44,4.63,4.25,2.08,1.11,0.97,7.15,7.45,6.84,25,109.1,2.7,16.6,24.4,0.4,13.7,0.4,25.7,5.3,3.8,5.8,14.4,0.064,1.7,0.8,0.9,4.59,2.45,2.14
Ronald Holland II,DET,81,44,37,15.6,6459.0,1.22,0.62,0.6,4.36,4.45,4.27,1.96,1.0,0.97,7.02,7.16,6.87,19,110.9,2.2,13.6,21.2,0.6,22.6,0.2,13.1,6.1,5.1,4.8,15.1,0.054,,,,4.52,2.31,2.24
Kenrich Williams,OKC,69,58,11,16.4,6512.2,1.23,0.64,0.59,4.2,4.48,3.93,1.98,1.03,0.95,6.76,7.21,6.32,30,104.1,2.6,14.8,22.2,0.6,19.5,0.1,8.8,4.4,4.9,4.0,14.2,0.088,3.6,1.6,1.9,4.35,2.26,2.09
Oso Ighodaro,PHX,61,25,36,17.1,6848.1,1.3,0.7,0.59,4.23,4.46,3.98,2.09,1.13,0.95,6.81,7.18,6.41,22,110.0,2.6,14.3,22.4,0.5,15.3,0.5,26.1,5.9,5.0,5.2,17.2,0.063,1.6,1.1,0.6,4.4,2.38,2.0
Andre Jackson Jr.,MIL,67,39,28,14.6,6607.3,1.25,0.66,0.59,4.83,5.01,4.65,2.01,1.06,0.95,7.77,8.06,7.48,23,112.1,1.7,11.4,16.8,0.5,21.8,0.2,12.5,5.2,4.0,4.8,14.3,0.045,1.2,0.1,1.0,4.96,2.61,2.34
Adem Bona,PHI,58,12,46,15.6,6435.1,1.22,0.64,0.58,4.35,4.53,4.16,1.96,1.03,0.93,7.0,7.29,6.69,22,114.0,2.6,16.4,25.8,0.4,16.6,1.2,60.0,5.9,5.3,5.2,15.8,0.04,2.3,1.4,0.9,4.52,2.38,2.15
Ryan Rollins,MIL,56,30,26,14.6,6235.2,1.18,0.6,0.58,4.54,4.65,4.44,1.9,0.97,0.93,7.31,7.48,7.15,22,108.6,1.6,9.8,14.7,0.8,32.6,0.3,20.0,5.6,4.1,3.9,13.8,0.061,1.7,0.7,1.0,4.68,2.39,2.29
Julian Phillips,CHI,79,37,42,14.2,6204.9,1.18,0.6,0.58,4.62,4.98,4.3,1.9,0.97,0.93,7.44,8.01,6.92,21,111.1,1.3,8.2,12.6,0.5,21.0,0.3,18.0,5.4,4.6,3.7,15.3,0.048,1.9,1.0,0.8,4.82,2.46,2.36
Lindy Waters III,DET,52,27,25,15.0,6472.9,1.23,0.66,0.57,4.61,4.98,4.26,1.98,1.06,0.92,7.42,8.01,6.86,27,110.2,1.7,11.6,17.8,0.5,19.6,0.2,14.5,5.1,4.3,3.9,13.4,0.053,1.0,0.1,0.9,4.75,2.54,2.21
Trayce Jackson-Davis,GSW,62,33,29,15.6,6366.6,1.21,0.63,0.57,4.36,4.53,4.17,1.95,1.01,0.92,7.02,7.29,6.71,25,111.3,3.0,19.2,28.2,0.4,13.4,0.6,36.5,5.6,4.4,5.1,15.5,0.052,3.4,1.9,1.4,4.5,2.33,2.12
Jaden Hardy,DAL,57,30,27,15.9,6500.4,1.23,0.66,0.57,4.31,4.63,3.99,1.98,1.06,0.92,6.94,7.45,6.42,22,111.6,1.4,8.5,13.0,0.5,18.1,0.1,6.2,6.6,4.8,5.0,17.0,0.052,-0.3,-0.8,0.5,4.48,2.4,2.08
Kyle Anderson,MIA,61,30,31,16.4,6537.1,1.24,0.66,0.57,4.24,4.53,3.95,2.0,1.06,0.92,6.82,7.29,6.36,31,107.6,2.5,14.8,21.9,0.7,21.3,0.5,35.1,5.6,4.5,4.8,16.3,0.073,2.8,1.3,1.5,4.39,2.33,2.02
Jarace Walker,IND,75,45,30,15.8,6395.3,1.21,0.64,0.57,4.26,4.48,4.04,1.95,1.03,0.92,6.86,7.21,6.5,21,112.1,2.7,17.8,26.4,0.7,23.9,0.3,20.8,5.8,3.7,4.9,16.9,0.05,1.6,0.1,1.5,4.44,2.35,2.1
Jalen Smith,CHI,64,28,36,15.0,6232.3,1.18,0.62,0.56,4.38,4.88,3.94,1.9,1.0,0.9,7.05,7.85,6.34,25,111.5,4.2,24.1,37.1,0.3,11.2,0.7,35.8,5.7,5.1,4.3,16.2,0.05,2.9,1.7,1.3,4.56,2.4,2.16
Jonathan Isaac,ORL,71,35,36,15.3,6245.6,1.18,0.63,0.55,4.27,4.46,4.06,1.9,1.01,0.89,6.87,7.18,6.53,27,106.6,2.7,18.8,29.1,0.9,28.1,1.1,50.3,5.4,4.1,4.4,13.7,0.073,3.4,0.8,2.5,4.47,2.38,2.09
Gary Harris,ORL,48,28,20,14.8,6080.3,1.15,0.6,0.55,4.33,4.35,4.3,1.85,0.97,0.89,6.97,7.0,6.92,30,103.2,0.9,6.3,9.6,0.5,18.3,0.3,14.3,5.4,3.9,4.7,14.3,0.086,1.0,0.1,0.9,4.5,2.36,2.16
Pelle Larsson,MIA,55,24,31,14.2,6098.7,1.16,0.6,0.55,4.53,4.86,4.22,1.87,0.97,0.89,7.29,7.82,6.79,24,108.7,1.2,8.1,11.9,0.6,23.2,0.1,12.7,4.7,3.6,4.2,14.4,0.059,1.4,0.6,0.8,4.74,2.46,2.26
Landry Shamet,NYK,50,30,20,15.2,6430.8,1.22,0.67,0.55,4.53,4.88,4.16,1.96,1.08,0.89,7.29,7.85,6.69,28,106.5,1.0,6.4,10.2,0.5,18.1,0.0,3.1,4.9,4.1,3.3,16.7,0.072,1.0,0.5,0.5,4.64,2.56,2.11
Dalen Terry,CHI,73,33,40,13.5,6055.9,1.15,0.6,0.54,4.74,5.21,4.32,1.85,0.97,0.87,7.63,8.38,6.95,22,111.6,1.2,8.0,12.0,0.6,26.7,0.2,12.9,5.7,3.8,4.2,14.9,0.044,1.1,0.2,0.8,4.93,2.59,2.32
Antonio Reeves,NOP,44,6,38,15.0,6189.9,1.17,0.63,0.54,4.37,4.64,4.09,1.88,1.01,0.87,7.03,7.47,6.58,22,117.5,1.0,7.0,10.7,0.5,17.9,0.1,6.5,6.5,4.3,5.7,15.8,0.023,0.4,0.4,0.0,4.51,2.42,2.09
Cam Whitmore,HOU,51,30,21,16.2,6170.4,1.17,0.63,0.54,4.02,4.24,3.79,1.88,1.01,0.87,6.47,6.82,6.1,20,112.3,2.3,13.9,21.3,0.6,19.7,0.3,16.9,5.9,5.0,5.0,18.2,0.05,1.8,0.6,1.2,4.18,2.24,1.93
Kevon Looney,GSW,76,45,31,15.0,5932.6,1.12,0.59,0.54,4.19,4.33,4.04,1.8,0.95,0.87,6.74,6.97,6.5,29,106.9,3.6,22.7,33.8,0.6,22.3,0.5,36.3,5.1,4.0,4.4,14.4,0.069,4.3,2.2,2.1,4.32,2.28,2.09
Jaylin Williams,OKC,47,40,7,16.7,6121.9,1.16,0.62,0.54,3.9,4.15,3.65,1.87,1.0,0.87,6.28,6.68,5.87,23,103.0,4.6,25.1,36.4,0.5,14.4,0.6,39.2,5.2,4.8,3.8,13.8,0.096,3.3,1.5,1.7,4.03,2.16,1.88
Zach Collins,CHI,64,34,30,15.3,6076.5,1.15,0.61,0.54,4.24,4.57,3.92,1.85,0.98,0.87,6.82,7.35,6.31,27,109.9,2.9,17.7,26.6,0.5,16.9,0.5,33.3,5.4,4.2,4.1,14.9,0.056,2.7,1.7,1.0,4.35,2.31,2.05
Seth Curry,CHA,68,17,51,15.6,6170.4,1.17,0.64,0.53,4.2,4.38,3.99,1.88,1.03,0.85,6.76,7.05,6.42,34,114.1,1.3,8.1,12.1,0.4,18.6,0.1,7.0,6.5,4.6,5.9,15.4,0.039,1.8,1.3,0.5,4.34,2.38,1.96
Gui Santos,GSW,56,36,20,13.6,5953.3,1.13,0.61,0.52,4.63,4.93,4.34,1.82,0.98,0.84,7.45,7.93,6.98,23,107.3,1.8,12.7,19.1,0.4,16.9,0.2,16.1,4.4,3.9,3.2,12.1,0.061,1.7,0.8,0.9,4.82,2.59,2.22
Thomas Bryant,IND,66,44,22,14.6,5699.8,1.08,0.56,0.52,4.13,4.26,4.0,1.74,0.9,0.84,6.65,6.86,6.44,27,113.4,2.5,16.9,26.8,0.4,15.9,0.6,42.7,4.9,4.7,4.7,16.0,0.04,3.1,1.8,1.2,4.29,2.22,2.07
Marcus Sasser,DET,57,30,27,14.2,5825.8,1.1,0.58,0.52,4.31,4.57,4.06,1.77,0.93,0.84,6.94,7.35,6.53,24,107.5,0.9,6.0,9.5,0.6,23.3,0.1,4.4,5.6,4.9,4.1,13.2,0.063,1.8,1.0,0.8,4.49,2.36,2.13
Cameron Payne,NYK,72,46,26,15.1,6022.7,1.14,0.63,0.51,4.26,4.69,3.82,1.83,1.01,0.82,6.86,7.55,6.15,30,107.5,1.3,8.1,12.2,0.5,19.5,0.2,15.4,4.6,3.9,3.8,15.2,0.068,2.3,1.3,1.0,4.36,2.41,1.95
Jeff Dowtin Jr.,PHI,41,10,31,15.1,5901.4,1.12,0.61,0.51,4.11,4.39,3.83,1.8,0.98,0.82,6.61,7.07,6.16,28,116.7,1.2,7.9,12.8,0.6,23.3,0.3,18.5,4.7,5.0,5.1,16.7,0.026,1.3,1.1,0.3,4.29,2.34,1.95
Shake Milton,LAL,57,29,28,14.7,5813.8,1.1,0.6,0.5,4.17,4.3,4.04,1.77,0.97,0.8,6.71,6.92,6.5,28,113.1,1.3,8.6,13.2,0.4,18.8,0.1,5.2,5.8,4.4,4.5,14.1,0.041,1.3,0.8,0.5,4.33,2.38,1.96
Pat Connaughton,MIL,41,19,22,14.7,6072.6,1.15,0.65,0.5,4.39,4.84,3.9,1.85,1.05,0.8,7.07,7.79,6.28,32,114.6,2.2,14.0,21.4,0.2,11.8,0.3,15.3,5.5,4.4,3.7,14.0,0.034,1.2,0.6,0.6,4.53,2.57,1.96
Caleb Houstan,ORL,58,29,29,13.6,5826.2,1.1,0.61,0.49,4.49,4.86,4.1,1.77,0.98,0.79,7.23,7.82,6.6,22,108.2,1.0,7.3,11.5,0.4,16.9,0.1,6.5,5.1,3.8,3.8,13.5,0.057,1.8,0.9,0.9,4.69,2.59,2.09
Neemias Queta,BOS,62,46,16,13.9,5329.6,1.01,0.52,0.49,4.08,4.1,4.06,1.63,0.84,0.79,6.57,6.6,6.53,25,108.3,2.4,16.8,26.4,0.3,12.8,0.7,43.8,3.8,4.3,3.2,13.6,0.057,3.2,1.8,1.4,4.22,2.18,2.05
Jalen Pickett,DEN,49,31,18,13.6,5482.7,1.04,0.57,0.47,4.25,4.66,3.84,1.67,0.92,0.76,6.84,7.5,6.18,25,109.7,1.1,7.8,11.5,0.4,18.3,0.1,6.7,5.0,3.9,3.9,12.8,0.05,1.1,0.8,0.3,4.42,2.44,2.01
Steven Adams,HOU,58,38,20,13.7,5275.3,1.0,0.54,0.46,4.06,4.22,3.9,1.61,0.87,0.74,6.53,6.79,6.28,31,105.9,2.8,19.3,28.3,0.4,17.7,0.5,34.6,5.2,3.5,3.9,12.9,0.066,2.3,1.0,1.3,4.23,2.29,1.94
